,kode_kabupaten,nama_kabupaten,kode_provinsi,nama_provinsi,prev_stunting_eppgbm,cakupan_ukur_pct,prev_stunting_ssgi,rasio_gizi_per_puskesmas,anggaran_kesehatan_per_kapita,pct_sanitasi_layak,indeks_3t,pct_kemiskinan,jumlah_balita,jumlah_sppg,cakupan_mbg_pct,DR,DR_arah,DR_kategori,klaster_raw,coverage_gap_positif,mismatch_intervensi,mismatch_mbg
0,1101,Aceh Selatan,11,Aceh,29.92,78.7,26.5,1.216,410815,55.53,0.331,4.09,65357,17,33.3,12.905660377358496,-3.4200000000000017,0,1,0.0,0.0,0.0
1,1102,Aceh Tenggara,11,Aceh,27.34,51.6,26.5,1.282,1737982,72.64,0.523,5.94,26773,21,56.4,3.1698113207547167,-0.8399999999999999,0,0,0.0,0.0,0.0
2,1103,Aceh Timur,11,Aceh,25.16,74.8,26.5,1.577,664073,76.26,0.128,2.74,75247,10,53.6,5.0566037735849045,1.34,0,2,1008.3098000000028,1512464700.000004,2080639205.8216057
3,1104,Aceh Tengah,11,Aceh,17.45,75.8,26.5,1.104,1951702,95.45,0.063,6.98,76895,19,75.0,34.15094339622642,9.05,2,0,6958.9975,10438496250.0,14359835669.27
4,1105,Aceh Barat,11,Aceh,28.65,79.4,26.5,1.277,535962,82.81,0.187,14.36,10893,14,74.0,8.113207547169806,-2.1499999999999986,0,2,0.0,0.0,0.0
5,1106,Aceh Besar,11,Aceh,29.23,72.8,26.5,0.878,868674,93.25,0.189,3.82,10255,21,55.2,10.301886792452832,-2.7300000000000004,0,2,0.0,0.0,0.0
6,1107,Pidie,11,Aceh,23.21,69.9,26.5,1.032,3065147,99.0,0.231,18.01,31497,20,48.7,12.41509433962264,3.289999999999999,0,0,1036.2513,1554376949.9999998,2138296267.5396
7,1108,Aceh Utara,11,Aceh,19.98,80.0,26.5,1.055,386763,77.06,0.056,4.6,61234,3,48.1,24.603773584905657,6.52,1,2,3992.4568,5988685200.0,8238402667.1456
8,1109,Simeulue,11,Aceh,25.58,68.9,26.5,1.114,233587,91.05,0.408,3.47,65055,9,60.4,3.471698113207554,0.9200000000000016,0,2,598.5060000000012,897759000.0000018,1235012342.9520023
9,1110,Aceh Singkil,11,Aceh,24.93,73.6,26.5,1.471,1578450,94.7,0.277,2.94,75141,11,61.9,5.924528301886793,1.5700000000000005,0,0,1179.713700000004,1769570550.0000055,2434329782.240408
10,1111,Bireuen,11,Aceh,33.06,83.9,26.5,1.32,444149,65.34,0.131,13.36,45373,6,40.7,24.754716981132084,-6.560000000000002,1,2,0.0,0.0,0.0
11,1112,Aceh Barat Daya,11,Aceh,21.49,76.4,26.5,1.022,720410,92.49,0.287,1.5,49531,4,76.4,18.905660377358497,5.010000000000002,1,2,2481.5031000000017,3722254650.0000014,5120561794.825204
12,1113,Gayo Lues,11,Aceh,32.4,83.1,26.5,0.667,513214,72.94,0.266,4.86,46331,4,50.5,22.26415094339622,-5.899999999999999,1,2,0.0,0.0,0.0
13,1114,Aceh Jaya,11,Aceh,21.62,57.5,26.5,1.034,856747,36.76,0.064,13.77,71000,24,38.1,18.41509433962264,4.879999999999999,1,2,3464.7999999999997,5197199999.999999,7149587081.599998
14,1115,Nagan Raya,11,Aceh,19.22,71.7,26.5,0.986,412371,75.34,0.342,8.72,71545,23,68.5,27.471698113207548,7.280000000000001,1,2,5208.476000000001,7812714000.000001,10747648558.192
15,1116,Aceh Tamiang,11,Aceh,23.5,54.8,26.5,1.101,654768,72.0,0.029,5.64,5530,19,51.9,11.320754716981131,3.0,0,2,165.9000000000001,248850000.00000012,342333322.8000002
16,1117,Bener Meriah,11,Aceh,18.93,83.5,26.5,3.014,955404,93.14,0.588,5.82,69507,15,55.7,28.566037735849054,7.57,1,1,5261.679899999999,7892519849.999999,10857434380.210798
17,1118,Pidie Jaya,11,Aceh,29.06,85.3,26.5,0.77,398321,70.58,0.555,12.94,48925,16,23.8,9.660377358490562,-2.5599999999999987,0,1,0.0,0.0,0.0
18,1171,Kota Banda Aceh,11,Aceh,21.45,64.0,26.5,1.235,479237,71.38,0.288,10.57,50102,21,95.0,19.056603773584907,5.050000000000001,1,2,2530.1510000000017,3795226500.0000014,5220946347.292004
19,1172,Kota Sabang,11,Aceh,20.85,69.9,26.5,1.706,592183,85.74,0.262,32.62,3779,19,5.9,21.320754716981128,5.649999999999999,1,1,213.5135,320270250.00000006,440583399.142
20,1173,Kota Lhokseumawe,11,Aceh,22.91,80.5,26.5,1.05,309499,87.71,0.458,7.46,13988,13,58.0,13.547169811320751,3.59,0,2,502.1692000000003,753253800.0000004,1036222126.8464006
21,1174,Kota Langsa,11,Aceh,20.46,60.6,26.5,3.219,566065,95.03,0.214,6.31,23675,20,54.7,22.79245283018868,6.039999999999999,1,2,1429.9700000000005,2144955000.0000005,2950731655.2400007
22,1175,Kota Subulussalam,11,Aceh,20.4,80.8,26.5,0.828,783305,91.65,0.417,16.45,36902,24,51.6,23.01886792452831,6.100000000000001,1,1,2251.022000000001,3376533000.0000014,4644965888.824001
23,1201,Tapanuli Tengah,12,Sumatera Utara,12.57,69.9,17.8,1.176,573935,77.48,0.431,11.13,43303,8,57.7,29.382022471910112,5.23,1,2,2264.746900000001,3397120350.0000014,4673287110.174802
24,1202,Tapanuli Utara,12,Sumatera Utara,17.87,59.1,17.8,0.671,619814,85.32,0.045,9.27,50536,3,41.8,0.3932584269662937,-0.0700000000000002,0,2,0.0,0.0,0.0
25,1203,Tapanuli Selatan,12,Sumatera Utara,24.42,70.5,17.8,0.839,720758,55.98,0.047,16.47,20870,22,70.3,37.19101123595506,-6.620000000000001,2,2,0.0,0.0,0.0
26,1204,Nias,12,Sumatera Utara,14.45,63.8,17.8,1.133,492157,78.97,0.215,4.58,56282,22,36.3,18.82022471910113,3.3500000000000014,1,2,1885.447000000002,2828170500.000003,3890604800.924004
27,1205,Langkat,12,Sumatera Utara,17.8,85.1,17.8,1.527,1104207,70.13,0.429,6.65,74170,4,95.0,0.0,0.0,0,2,0.0,0.0,0.0
28,1206,Karo,12,Sumatera Utara,17.64,67.9,17.8,1.173,1726466,64.08,0.128,12.51,6624,18,47.2,0.8988764044943828,0.1600000000000001,0,0,10.598400000000083,15897600.000000125,21869713.612800173
29,1207,Deli Serdang,12,Sumatera Utara,14.2,77.8,17.8,1.877,552038,74.17,0.109,11.87,6113,20,95.0,20.224719101123604,3.6000000000000014,1,2,220.0680000000001,330102000.0000001,454108557.4560002
30,1208,Simalungun,12,Sumatera Utara,16.32,62.7,17.8,0.954,975903,87.38,0.094,6.74,51845,3,52.0,8.314606741573035,1.4800000000000004,0,2,767.3060000000005,1150959000.0000007,1583329792.552001
31,1209,Asahan,12,Sumatera Utara,12.18,85.0,17.8,0.847,631738,67.97,0.12,24.15,63235,15,95.0,31.57303370786517,5.620000000000001,2,2,3553.8070000000025,5330710500.000004,7333252314.044005
32,1210,Labuhanbatu,12,Sumatera Utara,14.18,67.3,17.8,3.5,908266,70.34,0.254,1.5,40205,6,71.6,20.3370786516854,3.620000000000001,1,2,1455.4210000000005,2183131500.0000005,3003249590.1320004
33,1211,Dairi,12,Sumatera Utara,19.09,82.6,17.8,1.218,1866299,64.44,0.093,15.21,26897,21,32.3,7.24719101123595,-1.2899999999999991,0,0,0.0,0.0,0.0
34,1212,Toba,12,Sumatera Utara,17.47,78.8,17.8,0.698,989738,67.3,0.269,16.77,29184,10,52.0,1.853932584269673,0.3300000000000018,0,2,96.3072000000002,144460800.0000003,198729136.7424004
35,1213,Mandailing Natal,12,Sumatera Utara,16.76,80.0,17.8,0.707,251689,99.0,0.056,8.43,57303,9,25.6,5.842696629213478,1.0399999999999991,0,2,595.9511999999995,893926799.9999993,1229740533.590399
36,1214,Nias Selatan,12,Sumatera Utara,15.12,65.2,17.8,0.624,957803,47.66,0.537,1.5,31427,5,76.4,15.056179775280906,2.680000000000001,1,2,842.2436000000007,1263365400.000001,1737962930.6512015
37,1215,Pakpak Bharat,12,Sumatera Utara,12.76,87.8,17.8,1.597,1528379,80.05,0.206,17.61,12943,6,89.9,28.31460674157304,5.040000000000001,1,0,652.3272000000004,978490800.0000006,1346071958.5824008
38,1216,Humbang Hasundutan,12,Sumatera Utara,15.88,54.9,17.8,0.833,638606,99.0,0.463,4.15,36060,9,95.0,10.786516853932584,1.92,0,2,692.3520000000008,1038528000.0000012,1428662813.1840017
39,1217,Samosir,12,Sumatera Utara,13.62,96.2,17.8,1.066,1325607,99.0,0.181,1.5,65365,9,68.8,23.48314606741574,4.1800000000000015,1,2,2732.2570000000014,4098385500.000002,5637990461.444003
40,1218,Serdang Bedagai,12,Sumatera Utara,19.51,60.8,17.8,0.969,482111,79.5,0.344,6.44,43647,7,35.4,9.606741573033712,-1.7100000000000009,0,2,0.0,0.0,0.0
41,1219,Batu Bara,12,Sumatera Utara,14.5,65.1,17.8,1.442,299143,94.59,0.54,8.39,43106,4,50.0,18.539325842696638,3.3000000000000007,1,2,1422.4980000000005,2133747000.0000007,2935313243.016001
42,1220,Padang Lawas Utara,12,Sumatera Utara,13.89,79.6,17.8,0.655,793891,54.28,0.152,10.74,3279,9,38.3,21.966292134831463,3.91,1,2,128.20890000000003,192313350.00000003,264558039.4788001
43,1221,Padang Lawas,12,Sumatera Utara,13.49,80.4,17.8,0.584,254260,63.85,0.396,12.65,15657,8,50.7,24.213483146067414,4.3100000000000005,1,2,674.8167000000003,1012225050.0000004,1392478861.916401
44,1222,Labuhanbatu Selatan,12,Sumatera Utara,23.64,77.1,17.8,1.119,631679,57.28,0.221,1.79,35477,13,53.5,32.80898876404494,-5.84,2,2,0.0,0.0,0.0
45,1223,Labuhanbatu Utara,12,Sumatera Utara,22.71,78.4,17.8,1.351,1578689,54.82,0.784,17.55,39966,17,44.3,27.584269662921347,-4.91,1,0,0.0,0.0,0.0
46,1224,Nias Utara,12,Sumatera Utara,14.11,88.3,17.8,1.181,231919,45.94,0.18,15.28,35963,14,94.7,20.730337078651694,3.690000000000001,1,2,1327.0347000000002,1990552050.0,2738325487.1724005
47,1225,Nias Barat,12,Sumatera Utara,19.62,60.3,17.8,0.667,338508,97.65,0.496,17.82,42602,9,92.3,10.224719101123595,-1.8200000000000005,0,2,0.0,0.0,0.0
48,1271,Kota Medan,12,Sumatera Utara,13.62,72.8,17.8,1.403,392692,74.44,0.323,11.63,20949,12,39.7,23.48314606741574,4.1800000000000015,1,2,875.6682000000005,1313502300.0000007,1806934325.354401
49,1272,Kota Pematangsiantar,12,Sumatera Utara,22.14,64.3,17.8,0.689,702224,93.05,0.12,10.71,26642,11,50.2,24.382022471910112,-4.34,1,2,0.0,0.0,0.0
50,1273,Kota Sibolga,12,Sumatera Utara,14.13,73.0,17.8,0.77,585704,87.54,0.365,20.25,72269,13,53.1,20.617977528089888,3.67,1,2,2652.2723000000005,3978408450.000001,5472942672.871601
51,1274,Kota Tanjung Balai,12,Sumatera Utara,16.18,82.7,17.8,0.624,1688721,62.45,0.305,14.82,64654,18,90.0,9.101123595505625,1.620000000000001,0,0,1047.394800000002,1571092200.0000029,2161290790.641604
52,1275,Kota Binjai,12,Sumatera Utara,20.81,60.4,17.8,1.917,1293172,73.43,0.413,13.5,55458,17,83.8,16.91011235955055,-3.009999999999998,1,2,0.0,0.0,0.0
53,1276,Kota Tebing Tinggi,12,Sumatera Utara,15.27,59.1,17.8,1.373,981820,73.32,0.203,11.28,25086,22,63.7,14.21348314606742,2.530000000000001,0,2,634.6758000000009,952013700.0000012,1309648435.893602
54,1277,Kota Padang Sidempuan,12,Sumatera Utara,15.99,69.2,17.8,1.353,796019,54.89,0.037,1.73,4182,17,44.4,10.1685393258427,1.8100000000000005,0,2,75.69420000000002,113541300.00000004,156194376.14640003
55,1278,Kota Gunungsitoli,12,Sumatera Utara,20.39,91.0,17.8,1.866,923511,57.96,0.362,14.3,71549,18,37.1,14.550561797752806,-2.59,0,2,0.0,0.0,0.0
56,1301,Pesisir Selatan,13,Sumatera Barat,16.26,77.9,20.1,3.5,434874,83.28,0.32,12.24,62723,23,51.2,19.104477611940297,3.84,1,2,2408.5631999999987,3612844799.999998,4970050894.694397
57,1302,Solok,13,Sumatera Barat,10.14,77.7,20.1,0.425,1219957,66.59,0.398,18.34,71157,18,21.8,49.55223880597015,9.96,2,1,7087.2372000000005,10630855800.0,14624457264.3024
58,1303,Sijunjung,13,Sumatera Barat,21.25,71.6,20.1,0.691,374285,91.9,0.497,1.5,41854,8,59.1,5.721393034825863,-1.1499999999999986,0,2,0.0,0.0,0.0
59,1304,Tanah Datar,13,Sumatera Barat,19.03,89.5,20.1,0.735,1204080,79.7,0.189,16.02,44147,8,82.4,5.323383084577116,1.0700000000000005,0,2,472.3728999999985,708559349.9999977,974737700.1667968
60,1305,Padang Pariaman,13,Sumatera Barat,24.9,73.0,20.1,0.654,1486129,60.14,0.058,16.02,73127,16,48.3,23.88059701492536,-4.799999999999997,1,0,0.0,0.0,0.0
61,1306,Agam,13,Sumatera Barat,15.61,68.6,20.1,0.583,827793,68.87,0.315,10.49,26812,19,69.2,22.33830845771145,4.490000000000002,1,2,1203.8588000000009,1805788200.0000012,2484153002.9296017
62,1307,Lima Puluh Kota,13,Sumatera Barat,10.56,57.4,20.1,0.861,656234,79.18,0.451,25.38,77664,6,13.7,47.46268656716418,9.54,2,1,7409.145600000002,11113718400.000002,15288712672.435204
63,1308,Pasaman,13,Sumatera Barat,10.09,97.0,20.1,0.544,927442,69.79,0.43,5.4,32259,21,55.7,49.800995024875625,10.010000000000002,2,1,3229.1259,4843688850.0,6663275461.6428
64,1309,Kepulauan Mentawai,13,Sumatera Barat,12.64,79.1,20.1,1.182,200000,99.0,0.141,8.36,3103,23,95.0,37.11442786069652,7.460000000000001,2,2,231.48380000000003,347225700.00000006,477664969.42960006
65,1310,Dharmasraya,13,Sumatera Barat,15.41,84.3,20.1,1.026,874454,57.16,0.11,27.92,16167,13,78.4,23.33333333333334,4.690000000000001,1,2,758.2322999999997,1137348449.9999995,1564606285.1915994
66,1311,Solok Selatan,13,Sumatera Barat,17.31,58.5,20.1,1.272,681456,89.8,0.396,21.28,21303,23,58.0,13.880597014925383,2.7900000000000027,0,2,594.3537000000006,891530550.0000008,1226444105.1204011
67,1312,Pasaman Barat,13,Sumatera Barat,15.77,68.3,20.1,1.289,707592,90.93,0.429,1.5,60900,18,32.6,21.542288557213936,4.330000000000002,1,2,2636.970000000001,3955455000.000002,5441366499.240003
68,1371,Kota Padang,13,Sumatera Barat,22.74,79.2,20.1,1.352,1114503,68.59,0.406,13.3,70902,18,71.9,13.134328358208938,-2.639999999999997,0,2,0.0,0.0,0.0
69,1372,Kota Solok,13,Sumatera Barat,19.04,78.8,20.1,0.83,697417,96.4,0.245,4.52,59533,16,95.0,5.273631840796031,1.0600000000000025,0,2,631.0498000000007,946574700.0000012,1302166213.9016013
70,1373,Kota Sawahlunto,13,Sumatera Barat,18.41,79.6,20.1,2.888,368014,75.43,0.253,10.11,55077,20,80.2,8.40796019900498,1.6900000000000013,0,2,930.8012999999992,1396201949.9999988,1920701036.1395984
71,1374,Kota Padang Panjang,13,Sumatera Barat,14.81,61.7,20.1,1.124,670084,99.0,0.206,1.5,68529,20,39.9,26.318407960199007,5.290000000000001,1,2,3625.1841,5437776150.000001,7480538388.877201
72,1375,Kota Bukittinggi,13,Sumatera Barat,23.92,54.1,20.1,0.394,759589,72.1,0.275,20.96,59200,24,32.6,19.00497512437811,-3.82,1,2,0.0,0.0,0.0
73,1376,Kota Payakumbuh,13,Sumatera Barat,15.51,69.3,20.1,0.606,781492,87.35,0.249,16.03,78072,7,44.4,22.835820895522392,4.590000000000002,1,2,3583.5048000000024,5375257200.000004,7394533486.761605
74,1377,Kota Pariaman,13,Sumatera Barat,19.2,73.8,20.1,0.419,803837,78.22,0.175,11.03,61755,15,89.6,4.477611940298518,0.9000000000000021,0,2,555.7950000000001,833692500.0000001,1146878536.14
75,1401,Kampar,14,Riau,12.42,44.2,14.2,1.009,1360852,61.49,0.214,11.07,26837,3,57.5,12.53521126760563,1.7799999999999994,0,2,477.6985999999997,716547899.9999995,985727239.5111994
76,1402,Indragiri Hulu,14,Riau,16.51,70.5,14.2,0.941,380172,49.01,0.046,14.97,39709,19,70.5,16.267605633802834,-2.3100000000000023,1,2,0.0,0.0,0.0
77,1403,Bengkalis,14,Riau,10.33,56.6,14.2,0.791,810511,68.5,0.484,11.56,28172,3,53.9,27.25352112676056,3.869999999999999,1,2,1090.2563999999993,1635384599.999999,2249735359.3487988
78,1404,Indragiri Hilir,14,Riau,17.16,62.4,14.2,2.733,1581616,59.81,0.399,12.87,39121,17,73.2,20.84507042253522,-2.960000000000001,1,0,0.0,0.0,0.0
79,1405, Pelalawan,14,Riau,12.59,95.8,14.2,1.316,257618,58.17,0.552,1.5,64016,15,52.6,11.33802816901408,1.6099999999999994,0,2,1030.6575999999986,1545986399.999998,2126753712.3391967
80,1406, Rokan Hulu,14,Riau,10.57,80.3,14.2,1.438,812432,59.6,0.543,3.57,43632,19,73.9,25.563380281690133,3.629999999999999,1,2,1583.8415999999995,2375762399.9999995,3268244470.8671994
81,1407, Rokan Hilir,14,Riau,11.41,66.6,14.2,0.628,513381,75.32,0.193,9.38,12846,12,44.0,19.647887323943657,2.789999999999999,1,2,358.4033999999997,537605099.9999995,739562548.6727993
82,1408,Siak,14,Riau,12.71,72.7,14.2,0.607,583952,75.79,0.385,15.68,13120,13,72.0,10.492957746478863,1.4899999999999984,0,2,195.4879999999996,293231999.9999994,403387924.0959992
83,1409,Kuantan Singingi,14,Riau,12.12,83.8,14.2,1.019,423842,82.21,0.115,14.19,4199,9,69.8,14.647887323943662,2.08,0,2,87.33919999999995,131008799.99999993,180223740.4863999
84,1410,Kepulauan Meranti,14,Riau,17.85,68.8,14.2,1.09,658862,98.8,0.198,10.29,20058,7,50.9,25.70422535211269,-3.650000000000002,1,2,0.0,0.0,0.0
85,1471,Kota Pekanbaru,14,Riau,10.59,62.8,14.2,0.395,2201729,99.0,0.334,15.91,7742,3,94.7,25.422535211267604,3.61,1,0,279.4861999999998,419229299.99999976,576717537.8103997
86,1472,Kota Dumai,14,Riau,6.57,78.7,14.2,0.914,341582,67.91,0.246,21.81,25027,24,90.9,53.73239436619718,7.629999999999999,2,2,1909.5601,2864340149.9999995,3940361989.8691993
87,1501, Kerinci,15,Jambi,24.51,78.7,18.6,1.007,361578,72.5,0.155,30.6,23847,24,52.2,31.774193548387096,-5.91,2,2,0.0,0.0,0.0
88,1502, Merangin,15,Jambi,13.98,50.2,18.6,0.898,333981,68.52,0.086,9.03,36605,15,54.0,24.83870967741936,4.620000000000001,1,2,1691.1510000000007,2536726500.000001,3489676559.2920017
89,1503,Sarolangun,15,Jambi,13.71,92.7,18.6,0.666,2056366,58.92,0.437,9.99,24789,3,52.9,26.290322580645164,4.890000000000001,1,0,1212.182100000001,1818273150.0000012,2501328065.893202
90,1504,Batanghari,15,Jambi,24.29,84.8,18.6,0.764,552714,86.85,0.372,13.12,68154,18,47.3,30.59139784946235,-5.689999999999998,2,2,0.0,0.0,0.0
91,1505, Muaro Jambi,15,Jambi,16.63,78.2,18.6,0.915,718281,71.41,0.392,16.25,33103,16,59.0,10.591397849462378,1.9700000000000024,0,2,652.129100000001,978193650.0000015,1345663180.817202
92,1506,Tanjung Jabung Barat,15,Jambi,13.2,79.6,18.6,1.046,572822,64.4,0.072,4.45,24409,3,95.0,29.03225806451613,5.400000000000002,1,2,1318.0860000000002,1977129000.0000005,2719859916.3120003
93,1507,Tanjung Jabung Timur,15,Jambi,20.87,92.8,18.6,1.353,413886,98.28,0.222,4.38,46413,23,70.4,12.204301075268814,-2.27,0,2,0.0,0.0,0.0
94,1508,Bungo,15,Jambi,23.25,85.1,18.6,1.717,633433,99.0,0.117,7.66,43273,13,95.0,24.999999999999996,-4.649999999999999,1,2,0.0,0.0,0.0
95,1509,Tebo,15,Jambi,22.67,85.1,18.6,0.863,3188133,90.59,0.393,3.61,73424,24,54.7,21.881720430107528,-4.07,1,0,0.0,0.0,0.0
96,1571,Kota Jambi,15,Jambi,12.43,51.0,18.6,0.796,1681577,92.74,0.332,13.11,76133,10,36.6,33.172043010752695,6.170000000000002,2,0,4697.406100000002,7046109150.000003,9693059908.101204
97,1572,Kota Sungai Penuh,15,Jambi,15.83,90.7,18.6,1.245,437240,73.43,0.153,12.87,50746,23,44.6,14.892473118279575,2.7700000000000014,0,2,1405.664200000001,2108496300.0000017,2900576831.386402
98,1601,Ogan Komering Ulu,16,Sumatera Selatan,26.48,65.5,21.3,1.357,1075767,80.75,0.124,10.56,56329,18,58.1,24.31924882629108,-5.18,1,2,0.0,0.0,0.0
99,1602,Ogan Komering Ilir,16,Sumatera Selatan,21.02,58.0,21.3,0.805,442894,73.06,0.143,9.52,66131,24,91.1,1.3145539906103338,0.2800000000000011,0,2,185.16680000000088,277750200.0000013,382090210.4656018
100,1603,Muara Enim,16,Sumatera Selatan,25.64,80.5,21.3,1.485,251244,63.49,0.208,3.12,16468,15,83.1,20.37558685446009,-4.34,1,2,0.0,0.0,0.0
101,1604,Lahat,16,Sumatera Selatan,27.55,76.7,21.3,1.632,1344734,75.93,0.146,15.05,29642,22,36.9,29.34272300469484,-6.25,1,2,0.0,0.0,0.0
102,1605,Musi Rawas,16,Sumatera Selatan,25.98,66.5,21.3,1.908,1463082,99.0,0.362,13.07,8351,16,90.7,21.97183098591549,-4.68,1,0,0.0,0.0,0.0
103,1606,Musi Banyuasin,16,Sumatera Selatan,16.18,70.3,21.3,2.433,1366320,86.87,0.008,5.32,23293,8,37.9,24.03755868544601,5.120000000000001,1,2,1192.6015999999995,1788902399.9999993,2460923860.787199
104,1607,Banyuasin,16,Sumatera Selatan,19.5,85.0,21.3,0.648,550224,60.76,0.182,1.5,69756,8,24.8,8.450704225352116,1.8000000000000007,0,2,1255.6080000000002,1883412000.0,2590937063.136
105,1608,Ogan Komering Ulu Timur,16,Sumatera Selatan,23.26,47.0,21.3,1.007,659960,99.0,0.323,2.71,70432,7,30.9,9.201877934272304,-1.9600000000000009,0,2,0.0,0.0,0.0
106,1609,Ogan Komering Ulu Selatan,16,Sumatera Selatan,27.35,77.4,21.3,1.006,1143792,62.6,0.296,11.12,79253,22,47.5,28.403755868544607,-6.050000000000001,1,2,0.0,0.0,0.0
107,1610,Ogan Ilir,16,Sumatera Selatan,24.44,91.2,21.3,0.952,922551,58.47,0.088,13.24,24086,19,52.5,14.74178403755869,-3.140000000000001,0,2,0.0,0.0,0.0
108,1611,Empat Lawang,16,Sumatera Selatan,20.56,57.2,21.3,0.723,575974,66.67,0.198,19.65,53252,15,67.1,3.474178403755878,0.740000000000002,0,2,394.0648000000001,591097200.0000001,813149562.2816002
109,1612,Penukal Abab Lematang Ilir,16,Sumatera Selatan,18.85,95.6,21.3,0.476,276111,56.8,0.144,2.49,13733,23,61.3,11.502347417840372,2.4499999999999997,0,2,336.45849999999973,504687749.9999996,694279423.0819994
110,1613,Musi Rawas Utara,16,Sumatera Selatan,19.14,80.7,21.3,1.047,780996,99.0,0.017,1.5,70864,14,95.0,10.140845070422536,2.16,0,2,1530.6623999999974,2295993599.999996,3158509617.100795
111,1671,Kota Palembang,16,Sumatera Selatan,23.02,67.7,21.3,0.681,1393607,53.73,0.253,9.38,78430,20,67.7,8.075117370892013,-1.7199999999999989,0,2,0.0,0.0,0.0
112,1672,Kota Pagar Alam,16,Sumatera Selatan,18.41,80.1,21.3,1.044,355559,98.29,0.725,1.5,34804,15,28.7,13.568075117370896,2.890000000000001,0,1,1005.8355999999994,1508753399.999999,2075533713.9151988
113,1673,Kota Lubuk Linggau,16,Sumatera Selatan,19.8,90.8,21.3,0.672,1070092,68.23,0.462,8.79,21555,18,50.5,7.042253521126761,1.5,0,2,323.3249999999998,484987499.9999997,667178550.8999996
114,1674,Kota Prabumulih,16,Sumatera Selatan,14.9,71.0,21.3,0.577,889954,87.99,0.267,3.29,52935,7,81.0,30.046948356807512,6.4,2,2,3387.8399999999992,5081759999.999999,6990780737.279999
115,1701,Bengkulu Selatan,17,Bengkulu,10.79,79.2,17.1,1.124,1144054,62.16,0.582,5.71,22296,20,72.2,36.90058479532165,6.310000000000002,2,2,1406.8776000000007,2110316400.000001,2903080672.5792017
116,1702,Rejang Lebong,17,Bengkulu,12.68,76.9,17.1,1.078,1230813,96.0,0.276,12.46,52868,2,73.4,25.847953216374275,4.420000000000002,1,2,2336.7656,3505148399.9999995,4821897121.4752
117,1703,Bengkulu Utara,17,Bengkulu,11.1,74.7,17.1,1.336,480855,88.55,0.263,5.14,72699,19,81.8,35.087719298245624,6.000000000000002,2,2,4361.9400000000005,6542910000.000001,9000828294.480001
118,1704,Kaur,17,Bengkulu,15.49,50.1,17.1,2.983,276461,77.4,0.321,10.61,54768,20,44.8,9.41520467836258,1.6100000000000012,0,2,881.7648000000008,1322647200.0000012,1819514610.6816015
119,1705,Seluma,17,Bengkulu,12.65,98.0,17.1,1.149,529606,47.96,0.647,17.92,74198,2,52.2,26.023391812865498,4.450000000000001,1,2,3301.811,4952716500.0,6813260584.011999
120,1706,Muko Muko,17,Bengkulu,15.44,70.1,17.1,1.274,1243545,98.1,0.201,20.17,17233,24,67.0,9.707602339181296,1.660000000000002,0,2,286.0678000000007,429101700.0000011,590298616.7576015
121,1707,Lebong,17,Bengkulu,12.21,70.9,17.1,0.583,526917,68.73,0.268,3.69,25563,24,61.0,28.59649122807017,4.890000000000001,1,2,1250.0306999999998,1875046050.0,2579428349.2044
122,1708,Kepahiang,17,Bengkulu,13.78,98.0,17.1,0.525,480977,67.97,0.113,22.91,70932,9,38.5,19.41520467836258,3.320000000000002,1,2,2354.9424,3532413600.0,4859404802.8608
123,1709,Bengkulu Tengah,17,Bengkulu,12.95,82.0,17.1,2.207,244554,74.17,0.245,13.29,16937,20,60.9,24.269005847953228,4.150000000000002,1,2,702.8855000000003,1054328250.0000004,1450398606.1660006
124,1771,Kota Bengkulu,17,Bengkulu,16.4,80.2,17.1,0.63,2087731,84.6,0.285,3.13,25608,3,49.2,4.093567251462005,0.7000000000000028,0,0,179.25600000000122,268884000.00000185,369893321.9520025
125,1801,Lampung Selatan,18,Lampung,8.89,83.0,13.1,0.593,1197119,87.03,0.213,6.17,59153,23,62.7,32.13740458015267,4.209999999999999,2,2,2490.3413,3735511950.0,5138799349.8196
126,1802,Lampung Tengah,18,Lampung,8.4,80.4,13.1,0.981,1157690,81.8,0.184,2.23,18423,4,47.7,35.87786259541984,4.699999999999999,2,2,865.8809999999999,1298821499.9999998,1786738516.4519997
127,1803,Lampung Utara,18,Lampung,15.41,71.0,13.1,0.956,1303593,85.05,0.194,8.77,27886,7,39.9,17.633587786259547,-2.3100000000000005,1,2,0.0,0.0,0.0
128,1804,Lampung Barat,18,Lampung,7.24,85.7,13.1,0.637,1030985,99.0,0.127,15.81,48401,13,95.0,44.732824427480914,5.859999999999999,2,2,2836.2986,4254447900.0,5852679470.711199
129,1805,Tulang Bawang,18,Lampung,17.79,68.5,13.1,0.859,629954,80.93,0.177,11.04,73480,21,65.5,35.801526717557245,-4.69,2,2,0.0,0.0,0.0
130,1806,Tanggamus,18,Lampung,12.94,80.6,13.1,1.849,661154,68.34,0.513,4.25,45236,18,83.4,1.221374045801528,0.1600000000000001,0,2,72.37760000000071,108566400.00000107,149350598.57920146
131,1807,Lampung Timur,18,Lampung,10.71,74.0,13.1,0.668,564368,86.92,0.369,15.11,64462,13,8.8,18.24427480916029,2.389999999999999,1,2,1540.6418000000003,2310962700.0000005,3179102029.165601
132,1808,Way Kanan,18,Lampung,15.18,66.7,13.1,0.498,3544276,75.39,0.074,6.15,14023,19,52.0,15.877862595419847,-2.08,1,0,0.0,0.0,0.0
133,1809,Pesawaran,18,Lampung,11.1,64.3,13.1,1.602,1018200,75.52,0.403,9.95,42216,13,55.3,15.267175572519085,2.0,1,2,844.3200000000006,1266480000.000001,1742247565.4400012
134,1810,Pringsewu,18,Lampung,17.75,69.7,13.1,1.279,552230,83.99,0.178,10.31,10608,15,64.1,35.49618320610687,-4.65,2,2,0.0,0.0,0.0
135,1811,Mesuji,18,Lampung,10.54,93.8,13.1,0.733,964435,76.52,0.27,15.12,56161,19,37.2,19.54198473282443,2.5600000000000005,1,2,1437.7216000000008,2156582400.000001,2966727019.8272014
136,1812,Tulang Bawang Barat,18,Lampung,11.98,80.4,13.1,0.453,397710,84.23,0.371,12.27,43530,12,68.0,8.549618320610682,1.1199999999999992,0,2,487.53600000000006,731304000.0000001,1006026635.712
137,1813,Pesisir Barat,18,Lampung,10.31,88.8,13.1,0.689,1798933,75.6,0.542,9.9,69220,7,67.0,21.297709923664115,2.789999999999999,1,0,1931.2379999999996,2896856999.999999,3985094163.095999
138,1871,Kota Bandar Lampung,18,Lampung,10.04,65.1,13.1,0.973,490587,72.07,0.578,7.63,12900,2,49.6,23.3587786259542,3.0600000000000005,1,2,394.7400000000002,592110000.0000004,814542832.0800005
139,1872,Kota Metro,18,Lampung,11.54,73.1,13.1,1.791,985251,77.7,0.423,18.18,45778,23,57.9,11.908396946564888,1.5600000000000005,0,2,714.1368000000011,1071205200.0000015,1473615573.7056024
140,1901,Bangka,19,Kepulauan Bangka Belitung,13.1,83.0,16.2,0.596,1382752,78.92,0.178,26.94,15844,24,95.0,19.1358024691358,3.1,1,2,491.16399999999976,736745999.9999996,1013512984.6879996
141,1902,Belitung,19,Kepulauan Bangka Belitung,17.84,98.0,16.2,0.959,918834,84.54,0.237,16.72,8360,19,74.9,10.12345679012346,-1.6400000000000006,0,2,0.0,0.0,0.0
142,1903,Bangka Selatan,19,Kepulauan Bangka Belitung,14.53,62.6,16.2,1.402,771955,72.72,0.217,23.95,8436,7,58.8,10.308641975308642,1.67,0,2,140.88120000000026,211321800.0000004,290707229.1504005
143,1904,Bangka Tengah,19,Kepulauan Bangka Belitung,19.08,64.3,16.2,0.304,734159,86.38,0.01,14.91,65079,14,72.6,17.77777777777777,-2.879999999999999,1,2,0.0,0.0,0.0
144,1905,Bangka Barat,19,Kepulauan Bangka Belitung,11.59,65.8,16.2,1.677,705129,92.62,0.236,18.89,46113,2,54.0,28.456790123456788,4.609999999999999,1,2,2125.809300000001,3188713950.0000014,4386590484.075602
145,1906,Belitung Timur,19,Kepulauan Bangka Belitung,10.22,67.2,16.2,0.554,516061,89.2,0.121,13.5,46701,13,5.0,36.913580246913575,5.979999999999999,2,2,2792.719799999999,4189079699.999999,5762754965.541597
146,1971,Kota Pangkal Pinang,19,Kepulauan Bangka Belitung,13.14,74.2,16.2,1.181,556994,93.26,0.278,4.16,71378,24,85.4,18.88888888888888,3.0599999999999987,1,2,2184.166799999999,3276250199.9999986,4507010718.465598
147,2101,Bintan,21,Kepulauan Riau,8.41,57.5,12.8,1.131,1772239,81.02,0.441,20.68,16587,23,95.0,34.29687500000001,4.390000000000001,2,0,728.1692999999998,1092253949.9999998,1502571525.1955996
148,2102,Karimun,21,Kepulauan Riau,12.62,79.4,12.8,1.72,683429,82.28,0.134,9.52,51923,13,59.6,1.4062500000000115,0.1800000000000015,0,2,93.46140000000103,140192100.00000158,192856851.20880216
149,2103,Natuna,21,Kepulauan Riau,7.82,62.1,12.8,1.317,455214,52.0,0.466,10.19,63291,17,51.6,38.90625,4.98,2,2,3151.8918000000003,4727837700.000001,6503903514.165601
150,2104,Lingga,21,Kepulauan Riau,13.57,65.0,12.8,0.305,535107,69.6,0.179,6.2,38269,16,60.2,6.0156249999999964,-0.7699999999999996,0,2,0.0,0.0,0.0
151,2105,Kepulauan Anambas,21,Kepulauan Riau,7.53,78.0,12.8,0.675,1411583,86.0,0.415,1.7,43868,15,93.0,41.171875,5.2700000000000005,2,0,2311.8436,3467765400.0,4770470773.8512
152,2171,Kota Batam,21,Kepulauan Riau,12.68,55.2,12.8,1.072,1094014,76.59,0.08,3.83,27609,7,95.0,0.9375000000000078,0.120000000000001,0,2,33.13080000000036,49696200.000000544,68365140.75360075
153,2172,Kota Tanjung Pinang,21,Kepulauan Riau,16.19,84.8,12.8,0.907,1020902,66.81,0.417,4.82,35564,14,59.8,26.484375000000004,-3.390000000000001,1,2,0.0,0.0,0.0
154,3101,Adm. Kep. Seribu,31,DKI Jakarta,7.7,68.1,12.5,1.27,624988,66.21,0.101,1.5,48238,5,34.1,38.4,4.8,2,2,2315.424,3473136000.0,4777858900.608
155,3171,Kota Adm. Jakarta Pusat,31,DKI Jakarta,6.77,81.5,12.5,1.484,1028917,83.99,0.13,13.69,56900,20,61.5,45.84,5.73,2,2,3260.3700000000003,4890555000.000001,6727747412.040001
156,3172,Kota Adm. Jakarta Utara,31,DKI Jakarta,9.41,81.5,12.5,1.356,495768,86.64,0.102,16.75,18035,18,54.2,24.72,3.09,1,2,557.2815,835922250.0000001,1149945916.998
157,3173,Kota Adm. Jakarta Barat,31,DKI Jakarta,12.33,80.4,12.5,0.898,624203,82.77,0.425,1.5,8768,4,48.3,1.3599999999999994,0.1699999999999999,0,2,14.90560000000005,22358400.000000075,30757586.3552001
158,3174,Kota Adm. Jakarta Selatan,31,DKI Jakarta,10.36,77.9,12.5,0.397,1305221,74.14,0.122,20.73,18620,17,62.9,17.120000000000005,2.140000000000001,1,2,398.4680000000001,597702000.0000001,822235530.2560002
159,3175,Kota Adm. Jakarta Timur,31,DKI Jakarta,10.62,75.4,12.5,0.796,1232514,86.31,0.439,13.1,12673,4,81.7,15.040000000000006,1.8800000000000008,1,2,238.25240000000008,357378600.0000001,491631921.3808002
160,3201,Bogor,32,Jawa Barat,16.01,68.6,20.4,1.231,404681,85.16,0.239,19.47,4562,24,57.9,21.51960784313724,4.389999999999997,1,2,200.27179999999987,300407699.9999998,413259257.1255997
161,3202,Sukabumi,32,Jawa Barat,26.75,46.0,20.4,0.58,436561,67.66,0.17,2.65,68729,9,56.0,31.12745098039217,-6.350000000000001,2,2,0.0,0.0,0.0
162,3203,Cianjur,32,Jawa Barat,17.08,51.8,20.4,1.371,778576,95.44,0.181,17.33,52814,9,57.3,16.27450980392157,3.3200000000000003,1,2,1753.4247999999989,2630137199.999998,3618178047.4015975
163,3204,Bandung,32,Jawa Barat,13.3,61.6,20.4,1.575,2054780,81.39,0.083,12.43,75358,24,75.2,34.803921568627445,7.099999999999998,2,0,5350.417999999998,8025626999.999997,11040544739.655996
164,3205,Garut,32,Jawa Barat,12.03,83.4,20.4,1.065,231113,65.27,0.249,3.15,44367,24,42.5,41.02941176470589,8.37,2,2,3713.517899999999,5570276849.999998,7662814478.506798
165,3206,Tasikmalaya,32,Jawa Barat,23.42,73.3,20.4,0.216,861991,68.59,0.159,14.51,59226,24,60.0,14.803921568627468,-3.020000000000003,0,2,0.0,0.0,0.0
166,3207,Ciamis,32,Jawa Barat,27.18,54.2,20.4,0.528,319456,66.14,0.535,1.5,42742,11,62.4,33.235294117647065,-6.780000000000001,2,2,0.0,0.0,0.0
167,3208,Kuningan,32,Jawa Barat,14.21,72.9,20.4,2.568,498521,94.79,0.031,13.04,27169,9,55.4,30.343137254901954,6.189999999999998,2,2,1681.7610999999995,2522641649.9999995,3470300575.7611995
168,3209,Cirebon,32,Jawa Barat,20.32,78.8,20.4,0.761,586157,83.14,0.252,5.4,70718,21,75.9,0.3921568627450897,0.0799999999999983,0,2,56.57439999999952,84861599.99999927,116740821.804799
169,3210,Majalengka,32,Jawa Barat,19.45,71.1,20.4,0.371,566762,83.91,0.348,23.91,12149,9,55.5,4.656862745098036,0.9499999999999992,0,2,115.4154999999996,173123249.9999994,238158960.9259992
170,3211,Sumedang,32,Jawa Barat,14.47,70.9,20.4,1.855,529518,99.0,0.226,4.29,11145,11,63.2,29.068627450980383,5.929999999999998,1,2,660.8985,991347750.0,1363758767.562
171,3212,Indramayu,32,Jawa Barat,18.97,80.8,20.4,1.007,732577,67.8,0.433,6.0,67835,3,39.4,7.0098039215686265,1.4299999999999995,0,2,970.0404999999992,1455060749.9999988,2001670811.4259984
172,3213,Subang,32,Jawa Barat,19.44,78.3,20.4,1.738,529054,97.22,0.285,4.94,37018,8,59.3,4.705882352941163,0.9599999999999972,0,2,355.3727999999992,533059199.9999988,733308929.8175983
173,3214,Purwakarta,32,Jawa Barat,12.45,79.2,20.4,1.149,303315,71.35,0.407,9.68,61251,4,39.0,38.97058823529412,7.949999999999999,2,1,4869.4545,7304181750.0,10048080405.114
174,3215,Karawang,32,Jawa Barat,16.94,73.0,20.4,1.258,1164639,81.89,0.502,11.0,40921,20,52.5,16.960784313725476,3.4599999999999973,1,2,1415.8665999999994,2123799899.999999,2921629402.1671987
175,3216,Bekasi,32,Jawa Barat,18.8,68.7,20.4,1.199,1145926,81.69,0.283,11.3,31588,10,78.8,7.843137254901951,1.599999999999998,0,2,505.40799999999945,758111999.9999992,1042905364.7359987
176,3217,Bandung Barat,32,Jawa Barat,23.61,93.0,20.4,1.417,1209726,99.0,0.21,4.37,30275,11,58.2,15.735294117647063,-3.210000000000001,1,2,0.0,0.0,0.0
177,3218,Pangandaran,32,Jawa Barat,24.77,72.1,20.4,3.123,289398,93.68,0.268,7.9,48599,19,61.8,21.421568627450988,-4.370000000000001,1,2,0.0,0.0,0.0
178,3271,Kota Bogor,32,Jawa Barat,18.62,65.6,20.4,1.625,872703,99.0,0.568,2.66,32559,6,35.9,8.72549019607842,1.7799999999999976,0,2,579.5501999999988,869325299.9999981,1195897201.2983975
179,3272,Kota Sukabumi,32,Jawa Barat,12.91,72.6,20.4,0.454,1094258,74.25,0.336,11.2,21194,11,30.8,36.7156862745098,7.489999999999998,2,1,1587.4306,2381145900.0,3275650343.6552005
180,3273,Kota Bandung,32,Jawa Barat,13.22,74.3,20.4,1.25,392888,83.38,0.038,7.08,13080,12,38.7,35.19607843137254,7.179999999999998,2,2,939.1439999999996,1408715999.9999993,1937916130.847999
181,3274,Kota Cirebon,32,Jawa Barat,17.16,81.7,20.4,1.77,733442,79.33,0.02,2.96,67852,11,45.3,15.882352941176464,3.2399999999999984,1,2,2198.4047999999984,3297607199.9999976,4536390717.561597
182,3275,Kota Bekasi,32,Jawa Barat,18.52,83.4,20.4,1.825,680267,71.28,0.111,8.46,19235,4,69.3,9.2156862745098,1.879999999999999,0,2,361.6179999999995,542426999.9999992,746195850.0559989
183,3276,Kota Depok,32,Jawa Barat,19.39,60.4,20.4,0.808,2202911,92.53,0.356,1.5,77640,7,75.2,4.950980392156853,1.009999999999998,0,0,784.1639999999989,1176245999.9999983,1618116140.6879976
184,3277,Kota Cimahi,32,Jawa Barat,13.5,62.7,20.4,1.79,2314485,69.15,0.346,1.5,31428,21,39.5,33.8235294117647,6.899999999999999,2,0,2168.5319999999992,3252797999.999999,4474748433.743999
185,3278,Kota Tasikmalaya,32,Jawa Barat,19.03,57.0,20.4,1.59,268710,70.91,0.794,10.07,44296,23,61.1,6.715686274509791,1.3699999999999974,0,2,606.8551999999981,910282799.9999973,1252240850.3583963
186,3279,Kota Banjar,32,Jawa Barat,19.73,84.2,20.4,3.5,3257127,88.83,0.081,6.16,61936,16,95.0,3.284313725490187,0.6699999999999982,0,0,414.9712,622456799.9999999,856289751.4303999
187,3301,Cilacap,33,Jawa Tengah,13.81,75.7,17.5,0.687,421201,97.21,0.404,12.28,44088,6,48.1,21.08571428571428,3.69,1,2,1626.8471999999992,2440270799.999999,3356986182.4223986
188,3302,Banyumas,33,Jawa Tengah,10.56,76.9,17.5,0.776,1313760,71.03,0.196,11.46,62409,8,73.7,39.65714285714285,6.94,2,2,4331.184599999999,6496776899.999998,8937364772.623198
189,3303,Purbalingga,33,Jawa Tengah,11.07,48.0,17.5,0.858,1305764,76.77,0.12,21.83,50591,10,27.4,36.74285714285715,6.43,2,2,3253.001299999999,4879501949.999998,6712542158.5395975
190,3304,Banjarnegara,33,Jawa Tengah,23.52,52.7,17.5,0.783,401349,99.0,0.428,1.5,20624,13,43.2,34.4,-6.02,2,2,0.0,0.0,0.0
191,3305,Kebumen,33,Jawa Tengah,20.02,81.2,17.5,0.641,980640,82.67,0.396,19.65,26124,13,51.7,14.4,-2.52,0,2,0.0,0.0,0.0
192,3306,Purworejo,33,Jawa Tengah,18.8,71.4,17.5,0.251,683840,67.56,0.223,1.5,67675,19,53.3,7.428571428571433,-1.3000000000000007,0,2,0.0,0.0,0.0
193,3307,Wonosobo,33,Jawa Tengah,16.92,88.6,17.5,0.805,1017234,77.2,0.553,1.5,21046,16,88.1,3.3142857142857043,0.5799999999999983,0,2,122.06679999999916,183100199.99999872,251883865.26559824
194,3308,Magelang,33,Jawa Tengah,13.27,80.3,17.5,1.203,837690,71.66,0.054,16.94,34852,13,31.5,24.17142857142857,4.23,1,2,1474.2396,2211359400.0,3042081620.6832
195,3309,Boyolali,33,Jawa Tengah,13.88,82.6,17.5,0.781,1495250,62.7,0.074,10.74,79203,20,80.9,20.685714285714283,3.619999999999999,1,0,2867.1485999999986,4300722899.999998,5916338198.911197
196,3310,Klaten,33,Jawa Tengah,19.18,68.3,17.5,2.632,763173,78.1,0.242,20.8,14880,2,59.4,9.6,-1.6799999999999995,0,2,0.0,0.0,0.0
197,3311,Sukoharjo,33,Jawa Tengah,13.92,91.3,17.5,1.007,659525,68.67,0.196,28.28,60450,21,33.0,20.457142857142856,3.58,1,2,2164.1100000000006,3246165000.000001,4465623672.120001
198,3312,Wonogiri,33,Jawa Tengah,16.35,77.4,17.5,1.907,1407940,94.29,0.207,10.63,51788,15,55.4,6.571428571428563,1.1499999999999986,0,2,595.5619999999999,893342999.9999999,1228937422.5039997
199,3313,Karanganyar,33,Jawa Tengah,17.14,59.4,17.5,1.14,1033268,65.74,0.415,27.99,45639,10,64.1,2.057142857142854,0.3599999999999994,0,2,164.30040000000008,246450600.0000001,339032560.9968002
200,3314,Sragen,33,Jawa Tengah,20.74,85.7,17.5,1.512,1131538,85.69,0.177,6.25,54028,3,32.0,18.514285714285705,-3.2399999999999984,1,2,0.0,0.0,0.0
201,3315,Grobogan,33,Jawa Tengah,15.13,72.6,17.5,1.15,489553,84.47,0.163,10.71,63876,5,62.3,13.542857142857136,2.369999999999999,0,2,1513.8611999999976,2270791799.999996,3123840475.310395
202,3316,Blora,33,Jawa Tengah,10.78,60.0,17.5,1.983,389587,84.41,0.367,3.65,34077,9,63.8,38.400000000000006,6.720000000000001,2,2,2289.9744,3434961599.9999995,4725343854.604799
203,3317,Rembang,33,Jawa Tengah,14.15,73.5,17.5,1.028,518848,57.4,0.612,13.26,19273,14,51.2,19.142857142857142,3.35,1,2,645.6454999999992,968468249.9999988,1332284324.0859983
204,3318,Pati,33,Jawa Tengah,16.35,75.5,17.5,1.282,502579,94.28,0.177,1.5,71876,15,45.5,6.571428571428563,1.1499999999999986,0,2,826.5739999999987,1239860999.999998,1705628836.4079974
205,3319,Kudus,33,Jawa Tengah,11.9,79.6,17.5,1.201,1169071,64.24,0.244,3.94,19770,19,56.1,32.0,5.6,2,2,1107.12,1660679999.9999998,2284533263.04
206,3320,Jepara,33,Jawa Tengah,14.61,60.1,17.5,0.866,1310069,79.37,0.374,5.76,24809,20,58.2,16.514285714285716,2.890000000000001,1,2,716.9800999999998,1075470149.9999998,1479482700.5091996
207,3321,Demak,33,Jawa Tengah,12.97,68.1,17.5,1.224,664587,82.78,0.42,3.61,19582,12,19.5,25.885714285714283,4.529999999999999,1,2,887.0645999999997,1330596899.9999995,1830450705.5831995
208,3322,Semarang,33,Jawa Tengah,15.46,78.7,17.5,3.056,1721233,80.83,0.17,9.35,76924,17,48.8,11.657142857142851,2.039999999999999,0,0,1569.2495999999974,2353874399.999996,3238133995.6031947
209,3323,Temanggung,33,Jawa Tengah,13.45,61.3,17.5,0.874,1657932,77.88,0.446,1.5,7083,19,62.7,23.142857142857142,4.050000000000001,1,0,286.8615,430292250.0,591936410.3579999
210,3324,Kendal,33,Jawa Tengah,17.9,49.6,17.5,1.233,844111,93.87,0.29,15.83,60812,11,84.0,2.2857142857142776,-0.3999999999999986,0,2,0.0,0.0,0.0
211,3325,Batang,33,Jawa Tengah,12.82,73.6,17.5,1.876,445461,96.64,0.038,1.5,26870,15,75.2,26.74285714285714,4.68,1,2,1257.5159999999996,1886273999.9999995,2594874205.8719997
212,3326,Pekalongan,33,Jawa Tengah,17.55,93.7,17.5,1.768,1877076,83.38,0.205,6.18,34395,21,87.7,0.2857142857142898,-0.0500000000000007,0,0,0.0,0.0,0.0
213,3327,Pemalang,33,Jawa Tengah,17.68,64.3,17.5,1.006,703195,87.66,0.454,2.2,38017,22,94.2,1.028571428571427,-0.1799999999999997,0,2,0.0,0.0,0.0
214,3328,Tegal,33,Jawa Tengah,13.65,71.0,17.5,0.304,786776,31.9,0.175,11.83,34482,9,95.0,22.0,3.85,1,2,1327.5569999999989,1991335499.9999983,2739403249.043998
215,3329,Brebes,33,Jawa Tengah,18.89,73.9,17.5,1.295,594953,99.0,0.47,10.28,13193,12,74.1,7.942857142857146,-1.3900000000000006,0,2,0.0,0.0,0.0
216,3371,Kota Magelang,33,Jawa Tengah,15.04,85.2,17.5,0.33,427678,41.42,0.223,4.71,35713,9,55.9,14.057142857142862,2.460000000000001,0,2,878.5398000000005,1317809700.0000007,1812859848.981601
217,3372,Kota Surakarta,33,Jawa Tengah,13.18,69.1,17.5,2.085,302192,73.57,0.301,20.02,58980,23,53.2,24.68571428571429,4.32,1,2,2547.936,3821904000.0,5257645552.511999
218,3373,Kota Salatiga,33,Jawa Tengah,10.86,75.2,17.5,1.088,1066317,90.73,0.212,7.79,65625,5,72.4,37.94285714285714,6.640000000000001,2,2,4357.500000000001,6536250000.000001,8991666390.000002
219,3374,Kota Semarang,33,Jawa Tengah,15.98,83.0,17.5,1.648,455868,82.95,0.235,8.48,9656,12,56.2,8.685714285714283,1.5199999999999996,0,2,146.7711999999999,220156799.99999985,302861197.0303998
220,3375,Kota Pekalongan,33,Jawa Tengah,13.55,76.0,17.5,0.637,4000000,86.36,0.364,10.62,17347,17,12.9,22.57142857142857,3.9499999999999993,1,0,685.2064999999998,1027809749.9999996,1413918131.0979996
221,3376,Kota Tegal,33,Jawa Tengah,15.79,70.1,17.5,0.46,380163,79.46,0.193,7.98,44816,8,55.6,9.771428571428578,1.7100000000000009,0,2,766.3536000000004,1149530400.0000005,1581364522.771201
222,3401,Kulon Progo,34,DI Yogyakarta,8.15,62.9,14.7,1.139,343029,35.81,0.632,22.61,71124,18,69.1,44.557823129251695,6.549999999999999,2,2,4658.621999999999,6987932999.999999,9613029228.023998
223,3402,Bantul,34,DI Yogyakarta,11.92,51.5,14.7,0.983,990617,90.69,0.756,11.47,73016,9,66.0,18.911564625850332,2.78,1,2,2029.844799999999,3044767199.9999986,4188568506.041598
224,3403,Gunungkidul,34,DI Yogyakarta,16.01,74.7,14.7,0.782,1825908,62.5,0.598,6.11,47856,18,88.9,8.911564625850357,-1.3100000000000025,0,0,0.0,0.0,0.0
225,3404,Sleman,34,DI Yogyakarta,15.53,60.9,14.7,1.043,758239,30.85,0.121,2.6,50518,20,95.0,5.646258503401361,-0.8300000000000001,0,2,0.0,0.0,0.0
226,3471,Kota Yogyakarta,34,DI Yogyakarta,13.74,69.8,14.7,3.5,1028226,91.21,0.157,6.71,27822,21,81.7,6.530612244897953,0.9599999999999992,0,2,267.09119999999984,400636799.99999976,551140554.4703997
227,3501,Pacitan,35,Jawa Timur,13.39,68.3,16.1,1.518,241318,74.46,0.262,12.19,41627,10,88.5,16.832298136645967,2.710000000000001,1,2,1128.091699999999,1692137549.9999986,2327808198.2163982
228,3502,Ponorogo,35,Jawa Timur,15.01,87.6,16.1,1.69,485771,76.74,0.113,12.02,4292,19,36.6,6.770186335403736,1.0900000000000016,0,2,46.78280000000007,70174200.0000001,96535933.53760011
229,3503,Trenggalek,35,Jawa Timur,19.4,56.6,16.1,1.525,383015,86.5,0.377,8.49,37386,6,88.9,20.49689440993787,-3.299999999999997,1,2,0.0,0.0,0.0
230,3504,Tulungagung,35,Jawa Timur,13.87,94.1,16.1,2.095,233976,99.0,0.118,16.57,15530,14,22.7,13.850931677018648,2.230000000000002,0,2,346.319,519478500.0,714626485.948
231,3505,Blitar,35,Jawa Timur,17.98,59.7,16.1,0.909,782452,89.98,0.321,13.67,27555,21,70.6,11.677018633540364,-1.879999999999999,0,2,0.0,0.0,0.0
232,3506,Kediri,35,Jawa Timur,13.79,79.8,16.1,0.358,200000,68.68,0.074,6.64,36296,15,95.0,14.347826086956534,2.3100000000000023,0,2,838.4376000000002,1257656400.0000002,1730109280.0992005
233,3507,Malang,35,Jawa Timur,12.93,88.9,16.1,0.91,329945,94.61,0.3,6.85,6546,10,92.2,19.68944099378883,3.1700000000000017,1,2,207.5082,311262300.0,428191510.6344
234,3508,Lumajang,35,Jawa Timur,18.67,52.4,16.1,1.501,528440,88.74,0.39,13.53,5216,21,48.8,15.962732919254655,-2.5700000000000003,1,2,0.0,0.0,0.0
235,3509,Jember,35,Jawa Timur,13.21,68.1,16.1,0.616,442957,82.03,0.346,1.5,4225,4,35.6,17.950310559006212,2.890000000000001,1,2,122.10250000000008,183153750.0000001,251957531.93000016
236,3510,Banyuwangi,35,Jawa Timur,13.58,80.0,16.1,0.916,925274,86.28,0.331,5.35,67804,5,38.2,15.652173913043486,2.5200000000000014,1,2,1708.6607999999997,2562991199.9999995,3525807891.5135994
237,3511,Bondowoso,35,Jawa Timur,21.34,80.4,16.1,0.708,876199,91.03,0.257,22.45,63584,5,37.8,32.54658385093167,-5.239999999999998,2,2,0.0,0.0,0.0
238,3512,Situbondo,35,Jawa Timur,16.47,82.1,16.1,2.119,1247035,77.24,0.199,4.65,36788,15,74.8,2.298136645962717,-0.3699999999999974,0,2,0.0,0.0,0.0
239,3513,Probolinggo,35,Jawa Timur,13.6,85.4,16.1,1.455,1145590,73.1,0.334,13.27,35723,3,35.7,15.527950310559016,2.5000000000000018,1,2,893.0749999999998,1339612499.9999998,1842853117.9
240,3514,Pasuruan,35,Jawa Timur,13.24,89.4,16.1,1.385,1446255,77.94,0.115,8.28,69479,11,49.4,17.76397515527951,2.860000000000001,1,2,1987.099400000001,2980649100.0000014,4100363715.104802
241,3515,Sidoarjo,35,Jawa Timur,10.0,39.8,16.1,1.365,728577,76.43,0.406,10.22,9679,13,54.5,37.88819875776398,6.100000000000001,2,2,590.4189999999999,885628499.9999998,1218324883.1479998
242,3516,Mojokerto,35,Jawa Timur,11.37,80.4,16.1,0.982,875088,62.24,0.23,2.39,33678,14,60.7,29.37888198757765,4.730000000000002,1,2,1592.9694000000004,2389454100.0000005,3287079613.1448007
243,3517,Jombang,35,Jawa Timur,13.98,91.4,16.1,1.104,991435,68.87,0.343,23.49,21315,7,81.6,13.167701863354042,2.120000000000001,0,2,451.87800000000016,677817000.0000002,932446637.9760004
244,3518,Nganjuk,35,Jawa Timur,20.1,79.9,16.1,0.553,794123,99.0,0.4,12.25,49063,14,53.8,24.844720496894407,-4.0,1,2,0.0,0.0,0.0
245,3519,Madiun,35,Jawa Timur,18.56,73.7,16.1,0.335,574746,55.53,0.461,18.42,14529,21,61.5,15.279503105590043,-2.4599999999999973,1,2,0.0,0.0,0.0
246,3520,Magetan,35,Jawa Timur,11.29,66.1,16.1,1.078,597515,74.44,0.83,15.58,55284,10,69.4,29.87577639751554,4.810000000000002,1,2,2659.1604000000007,3988740600.000001,5487156212.116801
247,3521,Ngawi,35,Jawa Timur,17.86,73.7,16.1,1.176,446621,96.41,0.149,8.56,56283,22,42.2,10.931677018633527,-1.759999999999998,0,2,0.0,0.0,0.0
248,3522,Bojonegoro,35,Jawa Timur,9.3,62.5,16.1,1.831,939375,78.18,0.141,1.77,42466,24,45.6,42.2360248447205,6.800000000000001,2,2,2887.687999999999,4331531999.999999,5958721086.495998
249,3523,Tuban,35,Jawa Timur,12.8,80.3,16.1,2.194,689410,95.12,0.794,10.33,12370,12,44.8,20.49689440993789,3.3000000000000007,1,1,408.21,612315000.0,842338069.32
250,3524,Lamongan,35,Jawa Timur,10.49,83.8,16.1,2.192,489968,78.38,0.102,8.02,59087,7,74.1,34.84472049689442,5.610000000000001,2,2,3314.7807,4972171049.999999,6840023456.204399
251,3525,Gresik,35,Jawa Timur,15.0,79.0,16.1,0.607,490241,68.93,0.306,24.84,24233,10,28.4,6.832298136645972,1.1000000000000014,0,2,266.5630000000001,399844500.0000002,550050617.9960002
252,3526,Bangkalan,35,Jawa Timur,10.15,92.8,16.1,0.839,352837,77.4,0.177,10.88,52741,10,53.3,36.95652173913044,5.950000000000001,2,2,3138.089499999999,4707134249.999999,6475422578.533999
253,3527,Sampang,35,Jawa Timur,12.16,79.2,16.1,1.271,1312317,99.0,0.394,6.29,14837,24,30.9,24.472049689441,3.940000000000001,1,2,584.5778,876866700.0,1206271613.6776
254,3528,Pamekasan,35,Jawa Timur,12.68,84.9,16.1,3.5,764648,97.26,0.231,9.28,47670,7,47.9,21.24223602484473,3.4200000000000017,1,2,1630.3140000000003,2445471000.0000005,3364139896.4880004
255,3529,Sumenep,35,Jawa Timur,14.2,82.6,16.1,2.096,434660,66.99,0.151,1.5,20541,14,52.1,11.801242236024857,1.900000000000002,0,2,390.2790000000005,585418500.0000007,805337594.268001
256,3571,Kota Kediri,35,Jawa Timur,10.13,70.5,16.1,1.75,1184852,62.96,0.023,12.31,46960,17,63.0,37.08074534161491,5.970000000000001,2,2,2803.5120000000006,4205268000.000001,5785024583.904001
257,3572,Kota Blitar,35,Jawa Timur,16.62,92.3,16.1,0.824,521117,66.94,0.079,15.41,21764,17,89.6,3.2298136645962705,-0.5199999999999996,0,2,0.0,0.0,0.0
258,3573,Kota Malang,35,Jawa Timur,12.61,62.7,16.1,0.643,313671,74.48,0.286,1.5,7606,14,69.8,21.67701863354038,3.490000000000002,1,2,265.4494000000001,398174100.0000001,547752713.3048002
259,3574,Kota Probolinggo,35,Jawa Timur,20.16,82.4,16.1,1.484,1346115,86.93,0.1,1.5,38812,9,61.9,25.217391304347814,-4.059999999999999,1,2,0.0,0.0,0.0
260,3575,Kota Pasuruan,35,Jawa Timur,13.15,82.4,16.1,0.577,528470,73.01,0.47,4.7,22352,23,62.5,18.322981366459636,2.950000000000001,1,2,659.384,989076000.0,1360633608.928
261,3576,Kota Mojokerto,35,Jawa Timur,14.99,75.4,16.1,0.888,570724,62.38,0.261,2.61,10938,7,48.0,6.894409937888206,1.1100000000000012,0,2,121.41179999999986,182117699.9999998,250532278.0055997
262,3577,Kota Madiun,35,Jawa Timur,13.22,77.4,16.1,0.944,747663,69.88,0.161,3.31,23129,18,75.3,17.88819875776398,2.880000000000001,1,2,666.1151999999997,999172799.9999996,1374523386.2783997
263,3578,Kota Surabaya,35,Jawa Timur,12.82,75.0,16.1,2.218,1447797,99.0,0.147,12.58,62048,22,89.8,20.37267080745342,3.280000000000001,1,2,2035.1744000000008,3052761600.000001,4199566093.0048018
264,3579,Kota Batu,35,Jawa Timur,15.79,83.1,16.1,0.837,738239,65.5,0.196,3.29,7945,2,85.8,1.9254658385093308,0.3100000000000023,0,2,24.629500000000007,36944250.00000001,50822776.21400002
265,3601,Pandeglang,36,Banten,18.37,76.2,21.4,0.295,355233,46.77,0.164,7.88,25427,24,54.8,14.158878504672886,3.0299999999999976,0,2,770.4380999999994,1155657149.999999,1589792855.8451989
266,3602,Lebak,36,Banten,21.34,81.5,21.4,1.287,1010874,89.78,0.258,19.68,59245,11,70.1,0.2803738317756949,0.0599999999999987,0,2,35.54700000000048,53320500.00000072,73350950.124001
267,3603,Tangerang,36,Banten,15.25,72.6,21.4,0.705,545254,61.68,0.255,13.5,48584,22,93.6,28.73831775700934,6.149999999999999,1,2,2987.916000000001,4481874000.000002,6165540762.672002
268,3604,Serang,36,Banten,17.4,92.7,21.4,1.022,2264251,92.59,0.67,12.97,19832,5,61.6,18.691588785046733,4.0,1,0,793.2800000000002,1189920000.0000002,1636926933.7600005
269,3671,Kota Tangerang,36,Banten,17.19,80.3,21.4,0.958,728926,99.0,0.283,13.26,14607,24,50.8,19.672897196261676,4.209999999999997,1,2,614.9546999999998,922432049.9999996,1268954103.8123996
270,3672,Kota Cilegon,36,Banten,17.32,88.6,21.4,0.872,200000,72.21,0.537,14.75,7333,20,35.7,19.065420560747658,4.079999999999998,1,1,299.18640000000005,448779600.00000006,617368742.9088001
271,3673,Kota Serang,36,Banten,14.16,80.5,21.4,1.485,903850,70.18,0.241,13.59,45293,14,43.6,33.83177570093457,7.239999999999998,2,2,3279.2131999999992,4918819799.999999,6766630204.494398
272,3674,Kota Tangerang Selatan,36,Banten,23.39,61.6,21.4,0.465,2342569,83.32,0.238,20.7,21570,20,82.0,9.299065420560758,-1.990000000000002,0,0,0.0,0.0,0.0
273,5101,Jembrana,51,Bali,5.24,77.7,8.9,0.772,1877689,94.85,0.493,1.5,41744,22,62.5,41.12359550561798,3.66,2,0,1527.8304000000005,2291745600.0000005,3152665807.7568007
274,5102,Tabanan,51,Bali,7.73,92.2,8.9,1.408,2188162,68.05,0.809,4.67,36442,18,83.0,13.146067415730336,1.17,0,0,426.3714,639557100.0,879813972.9288
275,5103,Badung,51,Bali,5.1,75.7,8.9,0.736,395594,61.36,0.372,8.13,35085,7,95.0,42.69662921348315,3.8000000000000007,2,2,1333.2300000000007,1999845000.000001,2751109439.1600013
276,5104,Gianyar,51,Bali,5.82,56.5,8.9,0.447,1260843,36.92,0.229,17.92,4741,6,51.5,34.60674157303371,3.08,2,2,146.02280000000007,219034200.0000001,301316879.61760014
277,5105,Klungkung,51,Bali,5.61,75.1,8.9,1.397,472978,86.8,0.142,6.01,45782,20,71.4,36.966292134831455,3.29,2,2,1506.2278,2259341700.0,3108089015.4776
278,5106,Bangli,51,Bali,7.35,89.7,8.9,1.753,834488,83.85,0.161,13.94,47314,5,74.5,17.415730337078656,1.5500000000000007,1,2,733.3670000000011,1100050500.0000017,1513296937.5640025
279,5107,Karangasem,51,Bali,7.19,89.9,8.9,0.978,339839,67.84,0.351,7.05,42269,18,79.9,19.21348314606741,1.71,1,2,722.7999,1084199850.0,1491491811.2508
280,5108,Buleleng,51,Bali,7.49,81.2,8.9,0.375,495502,64.61,0.366,11.35,46116,2,70.4,15.842696629213483,1.41,1,2,650.2356,975353400.0,1341755958.7152
281,5171,Kota Denpasar,51,Bali,8.37,65.5,8.9,1.423,486140,53.23,0.188,1.5,26626,19,70.4,5.955056179775293,0.5300000000000011,0,2,141.11780000000044,211676700.00000063,291195451.3576009
282,5201,Lombok Barat,52,Nusa Tenggara Barat,33.09,51.7,27.8,0.323,926467,33.83,0.73,21.1,30719,11,74.3,19.02877697841728,-5.290000000000003,1,1,0.0,0.0,0.0
283,5202,Lombok Tengah,52,Nusa Tenggara Barat,16.84,55.9,27.8,0.865,873647,37.14,0.798,26.43,70336,9,5.0,39.42446043165468,10.96,2,1,7708.825600000004,11563238400.000006,15907099954.995209
284,5203,Lombok Timur,52,Nusa Tenggara Barat,17.08,43.1,27.8,0.475,637999,48.61,0.661,22.7,62677,3,87.2,38.5611510791367,10.720000000000002,2,1,6718.974400000003,10078461600.000004,13864549922.604803
285,5204,Sumbawa,52,Nusa Tenggara Barat,22.63,52.2,27.8,0.415,240325,67.31,0.597,38.13,40216,7,64.9,18.59712230215828,5.170000000000002,1,1,2079.1672,3118750800.0,4290344883.8624
286,5205,Dompu,52,Nusa Tenggara Barat,34.12,53.8,27.8,0.594,448210,43.43,0.703,34.99,78320,9,35.5,22.733812949640274,-6.319999999999997,1,1,0.0,0.0,0.0
287,5206,Bima,52,Nusa Tenggara Barat,21.12,51.8,27.8,0.676,345356,23.09,0.764,17.34,79322,10,21.2,24.028776978417262,6.68,1,1,5298.709600000002,7948064400.000003,10933844869.923204
288,5207,Sumbawa Barat,52,Nusa Tenggara Barat,36.18,70.5,27.8,0.537,910551,70.29,0.925,29.98,75638,6,47.5,30.143884892086326,-8.379999999999999,2,1,0.0,0.0,0.0
289,5208,Lombok Utara,52,Nusa Tenggara Barat,11.68,55.0,27.8,0.994,1095708,50.91,0.849,29.88,6607,3,66.6,57.985611510791365,16.12,2,1,1065.0484,1597572600.0000002,2197718853.0128
290,5271,Kota Mataram,52,Nusa Tenggara Barat,20.13,48.5,27.8,0.593,1018490,40.35,0.694,35.61,28377,4,43.8,27.58992805755397,7.670000000000002,1,1,2176.515900000001,3264773850.000002,4491223147.522802
291,5272,Kota Bima,52,Nusa Tenggara Barat,39.25,50.4,27.8,1.209,343475,73.3,0.963,25.26,4744,2,5.0,41.187050359712224,-11.45,2,1,0.0,0.0,0.0
292,5301,Kupang,53,Nusa Tenggara Timur,21.36,66.6,30.2,0.853,200000,55.59,0.4,38.67,19066,6,33.3,29.271523178807943,8.84,1,1,1685.4344,2528151600.0,3477880400.9248004
293,5302,Timor Tengah Selatan,53,Nusa Tenggara Timur,35.59,56.3,30.2,0.523,200000,56.5,0.838,25.53,44801,2,39.5,17.847682119205313,-5.390000000000004,1,1,0.0,0.0,0.0
294,5303,Timor Tengah Utara,53,Nusa Tenggara Timur,24.34,38.0,30.2,0.48,1268031,33.46,0.514,24.86,13867,3,54.2,19.40397350993377,5.859999999999999,1,1,812.6061999999997,1218909299.9999995,1676806392.8503995
295,5304,Belu,53,Nusa Tenggara Timur,27.8,36.9,30.2,0.325,424746,51.21,0.92,33.56,77127,8,36.0,7.947019867549663,2.3999999999999986,0,1,1851.0479999999989,2776571999.999998,3819622739.615998
296,5305,Alor,53,Nusa Tenggara Timur,20.66,76.6,30.2,0.857,344402,79.09,0.911,23.86,64543,7,58.6,31.58940397350993,9.54,2,1,6157.4022,9236103300.0,12705750180.4824
297,5306,Flores Timur,53,Nusa Tenggara Timur,21.37,32.1,30.2,0.62,1447859,51.1,0.842,27.34,37055,5,46.8,29.238410596026487,8.829999999999998,1,1,3271.9564999999984,4907934749.999998,6751656062.097997
298,5307,Sikka,53,Nusa Tenggara Timur,23.99,35.8,30.2,0.226,1154405,79.7,0.816,35.57,57221,8,28.3,20.56291390728477,6.210000000000001,1,1,3553.4241,5330136150.0,7332462202.9572
299,5308,Ende,53,Nusa Tenggara Timur,23.93,60.0,30.2,0.567,548350,33.66,0.879,31.2,36696,5,41.7,20.76158940397351,6.27,1,1,2300.8392000000003,3451258800.0000005,4747763282.486401
300,5309,Ngada,53,Nusa Tenggara Timur,20.7,62.6,30.2,0.472,453141,75.6,0.785,33.36,53444,6,59.5,31.456953642384107,9.5,2,1,5077.18,7615770000.0,10476720312.56
301,5310,Manggarai,53,Nusa Tenggara Timur,43.41,59.4,30.2,1.629,499189,46.91,0.742,20.43,7784,5,32.3,43.74172185430463,-13.209999999999996,2,1,0.0,0.0,0.0
302,5311,Sumba Timur,53,Nusa Tenggara Timur,24.82,67.1,30.2,0.316,619271,52.27,0.631,33.28,67286,2,52.5,17.81456953642384,5.379999999999999,1,1,3619.986799999999,5429980199.999998,7469813801.905598
303,5312,Sumba Barat,53,Nusa Tenggara Timur,27.08,78.5,30.2,0.36,1411309,43.59,0.925,41.1,31372,11,33.3,10.331125827814573,3.120000000000001,0,1,978.8063999999996,1468209599.9999993,2019759175.948799
304,5313,Lembata,53,Nusa Tenggara Timur,25.76,42.3,30.2,1.29,696261,75.31,0.495,30.33,74534,7,21.1,14.701986754966882,4.439999999999998,0,1,3309.3096000000005,4963964400.000001,6828733885.123201
305,5314,Rote Ndao,53,Nusa Tenggara Timur,22.04,53.8,30.2,1.46,835359,54.2,0.558,15.18,58415,3,51.8,27.019867549668877,8.16,1,1,4766.663999999999,7149995999.999998,9835973030.687998
306,5315,Manggarai Barat,53,Nusa Tenggara Timur,15.58,44.4,30.2,0.51,1089862,26.66,0.529,25.11,59969,2,34.2,48.41059602649007,14.62,2,1,8767.467799999999,13151201699.999998,18091599665.5576
307,5316,Nagekeo,53,Nusa Tenggara Timur,34.72,49.1,30.2,0.54,267853,40.65,0.721,26.98,28571,5,5.0,14.96688741721854,-4.52,0,1,0.0,0.0,0.0
308,5317,Sumba Tengah,53,Nusa Tenggara Timur,24.82,38.5,30.2,1.008,849937,45.01,0.634,17.81,43695,11,51.6,17.81456953642384,5.379999999999999,1,1,2350.7909999999997,3526186499.999999,4850838422.171998
309,5318,Sumba Barat Daya,53,Nusa Tenggara Timur,39.74,70.9,30.2,0.231,452824,64.25,0.326,31.6,28829,7,41.6,31.589403973509945,-9.540000000000004,2,1,0.0,0.0,0.0
310,5319,Manggarai Timur,53,Nusa Tenggara Timur,24.95,64.4,30.2,0.292,200000,59.91,0.878,33.58,5761,11,59.8,17.3841059602649,5.25,1,1,302.4524999999999,453678749.9999998,624108314.1299998
311,5320,Sabu Raijua,53,Nusa Tenggara Timur,40.13,48.1,30.2,0.644,200000,51.71,0.827,25.8,34330,10,34.1,32.880794701986765,-9.930000000000003,2,1,0.0,0.0,0.0
312,5321,Malaka,53,Nusa Tenggara Timur,21.29,41.5,30.2,1.608,293352,51.48,0.878,18.44,23168,9,31.6,29.50331125827815,8.91,1,1,2064.2688000000007,3096403200.000001,4259602154.6496015
313,5371,Kota Kupang,53,Nusa Tenggara Timur,20.19,56.0,30.2,0.596,743210,46.76,0.858,35.18,60177,5,59.8,33.14569536423841,10.009999999999998,2,1,6023.717699999996,9035576549.999994,12429893284.208391
314,6101,Sambas,61,Kalimantan Barat,18.19,61.8,25.5,0.779,578550,68.26,0.807,38.38,68375,8,8.4,28.666666666666664,7.309999999999999,1,1,4998.2125,7497318749.999999,10313771508.05
315,6102,Mempawah,61,Kalimantan Barat,15.12,43.0,25.5,1.306,603572,60.81,0.63,37.08,25955,3,55.6,40.70588235294118,10.38,2,1,2694.1290000000004,4041193500.000001,5559313638.468
316,6103,Sanggau,61,Kalimantan Barat,31.84,55.8,25.5,2.124,1742038,31.2,0.686,36.08,28235,9,31.3,24.862745098039216,-6.34,1,1,0.0,0.0,0.0
317,6104,Ketapang,61,Kalimantan Barat,14.19,36.3,25.5,0.555,252343,43.96,0.885,32.35,35083,9,43.4,44.35294117647059,11.31,2,1,3967.887300000001,5951830950.000002,8187703700.451603
318,6105,Sintang,61,Kalimantan Barat,20.86,58.6,25.5,0.735,531543,70.82,0.823,35.76,48897,3,41.9,18.196078431372552,4.640000000000001,1,1,2268.8207999999995,3403231199.999999,4681693570.233599
319,6106,Kapuas Hulu,61,Kalimantan Barat,14.91,54.5,25.5,1.842,648658,76.39,0.881,29.32,14191,5,46.2,41.52941176470589,10.59,2,1,1502.8268999999996,2254240349.9999995,3101071285.534799
320,6107,Bengkayang,61,Kalimantan Barat,15.75,56.2,25.5,0.346,347401,36.38,0.765,33.41,23939,9,15.4,38.23529411764706,9.75,2,1,2334.0525,3501078749.9999995,4816298661.33
321,6108,Landak,61,Kalimantan Barat,31.99,53.6,25.5,1.238,549627,40.23,0.625,33.72,21324,10,58.3,25.450980392156858,-6.489999999999998,1,1,0.0,0.0,0.0
322,6109,Sekadau,61,Kalimantan Barat,36.51,62.1,25.5,0.445,206908,68.09,0.96,24.73,26089,3,38.7,43.17647058823529,-11.009999999999998,2,1,0.0,0.0,0.0
323,6110,Melawi,61,Kalimantan Barat,18.54,59.5,25.5,0.78,1259145,47.94,0.784,30.86,28078,3,32.7,27.294117647058822,6.960000000000001,1,1,1954.2288000000008,2931343200.000001,4032535494.9696016
324,6111,Kayong Utara,61,Kalimantan Barat,18.71,74.4,25.5,0.656,358983,68.62,0.911,23.04,72133,10,38.9,26.627450980392155,6.789999999999999,1,1,4897.8307,7346746050.000001,10106634466.8044
325,6112,Kubu Raya,61,Kalimantan Barat,23.08,30.0,25.5,0.459,1828196,62.2,0.865,42.4,23608,8,27.8,9.490196078431378,2.4200000000000017,0,1,571.3136000000004,856970400.0000006,1178901043.0912008
326,6171,Kota Pontianak,61,Kalimantan Barat,32.77,58.0,25.5,0.453,529938,43.9,0.294,40.23,5168,11,6.8,28.50980392156864,-7.270000000000003,1,1,0.0,0.0,0.0
327,6172,Kota Singkawang,61,Kalimantan Barat,16.83,64.9,25.5,0.851,1001322,72.87,0.877,36.92,3468,8,38.3,34.00000000000001,8.670000000000002,2,1,300.67560000000014,451013400.0000002,620441695.1952003
328,6201,Kotawaringin Barat,62,Kalimantan Tengah,25.37,49.4,23.0,1.645,706457,88.7,0.474,20.46,42018,22,27.1,10.30434782608696,-2.370000000000001,0,1,0.0,0.0,0.0
329,6202,Kotawaringin Timur,62,Kalimantan Tengah,21.6,67.1,23.0,0.937,716085,89.39,0.133,18.51,66908,19,58.9,6.086956521739125,1.3999999999999986,0,2,936.7119999999976,1405067999.999997,1932897718.3039956
330,6203,Kapuas,62,Kalimantan Tengah,17.07,50.0,23.0,1.036,513796,68.18,0.436,1.5,54115,17,70.3,25.78260869565217,5.93,1,2,3209.0195000000003,4813529250.000001,6621786066.094001
331,6204,Barito Selatan,62,Kalimantan Tengah,16.98,45.2,23.0,1.331,783459,86.38,0.139,14.69,37311,9,44.0,26.173913043478255,6.02,1,2,2246.1222000000007,3369183300.000001,4634855190.722402
332,6205,Barito Utara,62,Kalimantan Tengah,23.41,70.8,23.0,0.615,882752,62.1,0.293,18.72,6184,14,44.6,1.7826086956521745,-0.4100000000000001,0,2,0.0,0.0,0.0
333,6206,Katingan,62,Kalimantan Tengah,28.14,79.8,23.0,1.448,455634,79.82,0.291,12.4,11178,20,60.4,22.347826086956523,-5.140000000000001,1,2,0.0,0.0,0.0
334,6207,Seruyan,62,Kalimantan Tengah,21.13,79.5,23.0,1.506,676693,85.56,0.052,21.04,7384,20,63.0,8.1304347826087,1.870000000000001,0,2,138.08080000000018,207121200.00000027,284928626.1536004
335,6208,Sukamara,62,Kalimantan Tengah,19.25,68.3,23.0,3.5,505822,48.96,0.196,17.08,12878,7,51.5,16.304347826086957,3.75,1,2,482.9250000000002,724387500.0000002,996511874.1000004
336,6209,Lamandau,62,Kalimantan Tengah,18.0,86.6,23.0,0.829,2898774,99.0,0.267,11.96,41573,10,53.0,21.73913043478261,5.0,1,0,2078.650000000001,3117975000.0000024,4289277645.800003
337,6210,Gunung Mas,62,Kalimantan Tengah,23.85,83.9,23.0,0.795,691184,99.0,0.367,11.04,27071,18,44.6,3.69565217391305,-0.8500000000000014,0,2,0.0,0.0,0.0
338,6211,Pulang Pisau,62,Kalimantan Tengah,28.79,78.2,23.0,1.469,1843431,91.46,0.385,11.53,38924,16,48.8,25.173913043478255,-5.789999999999999,1,0,0.0,0.0,0.0
339,6212,Murung Raya,62,Kalimantan Tengah,11.43,82.9,23.0,1.506,648636,67.97,0.153,6.33,51205,21,68.4,50.30434782608696,11.57,2,2,5924.4185,8886627750.0,12224990179.402
340,6213,Barito Timur,62,Kalimantan Tengah,16.3,80.1,23.0,0.765,852197,64.04,0.225,9.15,37091,21,32.4,29.130434782608692,6.699999999999999,1,2,2485.097,3727645500.0,5127977778.723999
341,6301,Tanah Laut,63,Kalimantan Selatan,17.75,98.0,20.8,0.817,330110,87.31,0.705,13.01,14209,17,41.8,14.663461538461542,3.0500000000000007,0,1,433.3745000000004,650061750.0000005,894264813.7540008
342,6302,Kotabaru,63,Kalimantan Selatan,22.08,73.7,20.8,1.311,557800,95.83,0.275,1.5,65706,9,78.2,6.153846153846142,-1.2799999999999976,0,2,0.0,0.0,0.0
343,6303,Banjar,63,Kalimantan Selatan,12.51,79.2,20.8,0.661,827629,54.22,0.375,19.09,42948,13,51.2,39.85576923076923,8.290000000000001,2,2,3560.389200000001,5340583800.000002,7346834631.086403
344,6304,Barito Kuala,63,Kalimantan Selatan,17.34,68.9,20.8,0.814,1889083,69.97,0.226,20.01,47495,11,92.2,16.63461538461539,3.460000000000001,1,0,1643.3270000000011,2464990500.000002,3390992117.884002
345,6305,Tapin,63,Kalimantan Selatan,19.81,86.0,20.8,1.046,833334,59.84,0.402,9.19,25333,14,79.5,4.759615384615394,0.990000000000002,0,2,250.79669999999987,376195049.9999998,517516984.0763997
346,6306,Hulu Sungai Selatan,63,Kalimantan Selatan,21.27,79.5,20.8,1.645,1673173,68.6,0.427,16.01,29555,10,68.7,2.259615384615379,-0.4699999999999988,0,0,0.0,0.0,0.0
347,6307,Hulu Sungai Tengah,63,Kalimantan Selatan,22.0,86.5,20.8,0.739,1071358,61.7,0.135,13.21,54618,5,72.2,5.769230769230766,-1.1999999999999993,0,2,0.0,0.0,0.0
348,6308,Hulu Sungai Utara,63,Kalimantan Selatan,25.33,55.7,20.8,0.398,1936593,82.85,0.5,10.47,65611,8,84.2,21.77884615384614,-4.529999999999998,1,0,0.0,0.0,0.0
349,6309,Tabalong,63,Kalimantan Selatan,26.99,77.1,20.8,0.384,704029,67.38,0.205,19.13,4443,3,95.0,29.759615384615373,-6.189999999999998,1,2,0.0,0.0,0.0
350,6310,Tanah Bumbu,63,Kalimantan Selatan,15.09,40.6,20.8,0.533,3060637,64.94,0.04,9.6,59901,22,77.0,27.45192307692308,5.710000000000001,1,0,3420.347100000001,5130520650.000001,7057858878.073202
351,6311,Balangan,63,Kalimantan Selatan,14.96,76.1,20.8,0.519,545121,87.36,0.099,19.92,58186,14,65.0,28.07692307692308,5.84,1,2,3398.0624000000007,5097093600.000001,7011874577.900802
352,6371,Kota Banjarmasin,63,Kalimantan Selatan,17.64,64.0,20.8,0.926,460525,63.37,0.419,10.02,5623,10,62.7,15.192307692307692,3.16,1,2,177.68680000000006,266530200.0000001,366655290.3056001
353,6372,Kota Banjarbaru,63,Kalimantan Selatan,22.12,80.5,20.8,0.552,352910,70.83,0.348,8.92,34856,24,58.2,6.346153846153848,-1.3200000000000005,0,2,0.0,0.0,0.0
354,6401,Paser,64,Kalimantan Timur,25.78,72.8,19.4,0.704,2953835,87.53,0.309,4.83,49562,13,64.4,32.88659793814435,-6.380000000000003,2,0,0.0,0.0,0.0
355,6402,Kutai Kartanegara,64,Kalimantan Timur,15.43,71.1,19.4,0.679,1192626,90.11,0.161,20.92,6628,4,66.8,20.463917525773194,3.969999999999999,1,2,263.13159999999993,394697399.9999999,542969951.5471998
356,6403,Berau,64,Kalimantan Timur,15.4,83.3,19.4,0.802,596914,74.18,0.469,5.95,15628,14,60.4,20.61855670103092,3.9999999999999982,1,2,625.1199999999999,937680000.0,1289930119.0399995
357,6411,Mahakam Ulu,64,Kalimantan Timur,14.37,81.2,19.4,1.937,1543269,86.85,0.177,6.8,50321,7,73.3,25.92783505154639,5.029999999999999,1,0,2531.1462999999994,3796719449.999999,5223000140.879599
358,6471,Kota Balikpapan,64,Kalimantan Timur,16.6,90.1,19.4,1.392,1101976,66.86,0.431,3.37,42508,3,63.3,14.432989690721636,2.799999999999997,0,2,1190.2239999999993,1785335999.9999988,2456017702.2079983
359,6472,Kota Samarinda,64,Kalimantan Timur,13.7,86.9,19.4,1.008,2373026,84.04,0.224,13.98,23218,2,95.0,29.381443298969074,5.699999999999999,1,0,1323.426,1985139000.0,2730878963.592
360,6407,Kutai Barat,64,Kalimantan Timur,15.42,72.5,19.4,0.794,288168,71.89,0.172,6.66,24566,9,57.2,20.515463917525768,3.979999999999999,1,2,977.726799999999,1466590199.9999986,2017531429.9855976
361,6408,Kutai Timur,64,Kalimantan Timur,15.29,64.1,19.4,0.805,622055,87.6,0.21,15.75,17070,9,53.1,21.18556701030928,4.109999999999999,1,2,701.5769999999998,1052365499.9999996,1447698526.8839996
362,6409,Penajam Paser Utara,64,Kalimantan Timur,15.13,83.9,19.4,1.178,552654,81.25,0.161,14.19,25409,4,50.2,22.01030927835051,4.269999999999998,1,2,1084.9642999999992,1627446449.9999988,2238815153.3355985
363,6474,Kota Bontang,64,Kalimantan Timur,14.79,55.4,19.4,1.339,223193,83.36,0.209,12.17,43684,15,87.7,23.76288659793814,4.609999999999999,1,2,2013.8323999999996,3020748599.999999,4155527046.7407994
364,6501,Bulungan,65,Kalimantan Utara,18.22,30.0,23.3,0.471,1020901,56.99,0.952,21.51,51014,11,43.9,21.802575107296143,5.080000000000002,1,1,2591.511200000001,3887266800.0000014,5347562629.110402
365,6502,Malinau,65,Kalimantan Utara,19.33,59.3,23.3,0.754,459439,69.81,0.794,42.0,72591,10,47.4,17.03862660944207,3.9700000000000015,1,1,2881.8627000000038,4322794050.000005,5946700626.548407
366,6503,Nunukan,65,Kalimantan Utara,10.43,58.5,23.3,0.268,842205,45.51,0.662,33.92,77187,5,36.5,55.23605150214592,12.87,2,1,9933.9669,14900950350.0,20498661226.4148
367,6504,Tana Tidung,65,Kalimantan Utara,29.37,47.9,23.3,0.824,2226326,79.37,0.678,20.6,62238,2,41.8,26.051502145922743,-6.07,1,0,0.0,0.0,0.0
368,6571,Kota Tarakan,65,Kalimantan Utara,16.34,50.3,23.3,1.084,437160,75.12,0.963,33.56,67202,4,26.2,29.871244635193133,6.960000000000001,1,1,4677.259200000002,7015888800.000004,9651486941.126404
369,7101,Bolaang Mongondow,71,Sulawesi Utara,12.61,76.1,17.4,0.869,566543,87.32,0.182,1.5,7872,18,64.1,27.528735632183903,4.789999999999999,1,2,377.0687999999999,565603199.9999999,778078452.2495998
370,7102,Minahasa,71,Sulawesi Utara,17.24,66.3,17.4,2.48,783243,93.4,0.39,5.08,33924,19,72.1,0.9195402298850583,0.1600000000000001,0,2,54.27840000000015,81417600.00000022,112003044.1728003
371,7103,Kepulauan Sangihe,71,Sulawesi Utara,14.37,75.5,17.4,0.644,1318952,69.54,0.465,12.11,18268,11,74.2,17.413793103448274,3.03,1,2,553.5203999999999,830280599.9999999,1142184917.2367997
372,7104,Kepulauan Talaud,71,Sulawesi Utara,14.06,53.8,17.4,1.115,519162,92.02,0.505,12.19,34782,6,41.9,19.195402298850563,3.339999999999998,1,2,1161.7187999999996,1742578199.9999995,2397197450.049599
373,7105,Minahasa Selatan,71,Sulawesi Utara,17.74,47.9,17.4,0.982,499530,73.0,0.353,13.02,72786,21,49.4,1.9540229885057463,-0.3399999999999998,0,2,0.0,0.0,0.0
374,7106,Minahasa Utara,71,Sulawesi Utara,15.62,57.5,17.4,0.951,1375480,59.08,0.445,10.38,5308,20,38.6,10.229885057471265,1.7799999999999994,0,2,94.48239999999998,141723599.99999997,194963676.5408
375,7107,Minahasa Tenggara,71,Sulawesi Utara,21.9,81.8,17.4,0.944,915462,67.75,0.238,6.15,52306,13,40.6,25.86206896551724,-4.5,1,2,0.0,0.0,0.0
376,7108,Bolaang Mongondow Utara,71,Sulawesi Utara,13.23,65.3,17.4,1.055,213878,78.47,0.528,10.28,18033,8,46.0,23.965517241379303,4.169999999999998,1,2,751.9760999999999,1127964149.9999998,1551696666.5411997
377,7109,Kep. Siau Tagulandang Biaro,71,Sulawesi Utara,14.41,77.1,17.4,1.528,349677,96.43,0.547,7.61,9614,3,48.6,17.183908045977002,2.9899999999999984,1,2,287.4585999999997,431187899.9999996,593168521.4311994
378,7110,Bolaang Mongondow Timur,71,Sulawesi Utara,15.37,62.1,17.4,1.991,1795406,99.0,0.24,15.72,67407,20,56.2,11.666666666666664,2.03,0,0,1368.3620999999985,2052543149.9999976,2823604246.453197
379,7111,Bolaang Mongondow Selatan,71,Sulawesi Utara,12.18,61.2,17.4,0.999,928343,84.69,0.391,1.5,50455,3,76.7,29.999999999999996,5.219999999999999,1,2,2633.751,3950626500.000001,5434724118.492001
380,7171,Kota Manado,71,Sulawesi Utara,11.64,67.5,17.4,1.503,461705,88.38,0.376,1.5,32481,3,76.9,33.103448275862064,5.759999999999998,2,2,1870.9056,2806358399.9999995,3860598738.3551993
381,7172,Kota Bitung,71,Sulawesi Utara,20.74,81.0,17.4,0.704,658523,78.66,0.631,1.5,79655,11,70.8,19.19540229885057,-3.34,1,2,0.0,0.0,0.0
382,7173,Kota Tomohon,71,Sulawesi Utara,15.49,76.6,17.4,1.467,735232,75.41,0.254,7.16,16118,10,61.5,10.977011494252864,1.9099999999999984,0,2,307.8537999999994,461780699.9999991,635253853.4695988
383,7174,Kota Kotamobagu,71,Sulawesi Utara,16.68,51.0,17.4,0.683,1134202,74.03,0.202,12.71,11792,16,43.7,4.137931034482753,0.7199999999999989,0,2,84.90239999999994,127353599.99999993,175195423.18079987
384,7201,Banggai,72,Sulawesi Tengah,25.55,90.7,23.9,1.725,322882,68.3,0.316,9.7,70673,23,85.8,6.903765690376579,-1.650000000000002,0,2,0.0,0.0,0.0
385,7202,Poso,72,Sulawesi Tengah,27.01,42.0,23.9,3.02,440396,70.38,0.181,8.7,57305,7,46.1,13.012552301255242,-3.110000000000003,0,2,0.0,0.0,0.0
386,7203,Donggala,72,Sulawesi Tengah,13.53,87.9,23.9,0.941,859214,99.0,0.058,7.28,27196,20,60.8,43.38912133891213,10.37,2,2,2820.2252,4230337800.0,5819512138.398399
387,7204,Toli Toli,72,Sulawesi Tengah,19.74,82.4,23.9,0.334,687007,87.01,0.297,20.6,34573,13,37.4,17.405857740585777,4.16,1,2,1438.2368000000006,2157355200.000001,2967790130.905601
388,7205,Buol,72,Sulawesi Tengah,15.92,61.0,23.9,0.76,1027989,87.88,0.161,21.06,66368,2,63.6,33.38912133891213,7.979999999999999,2,2,5296.166399999998,7944249599.999997,10928596997.068796
389,7206,Morowali,72,Sulawesi Tengah,25.59,54.8,23.9,1.851,348815,95.17,0.367,9.05,28630,6,40.9,7.071129707112976,-1.6900000000000013,0,2,0.0,0.0,0.0
390,7207,Banggai Kepulauan,72,Sulawesi Tengah,21.08,85.1,23.9,1.319,903722,84.46,0.475,18.09,11115,2,30.4,11.79916317991632,2.8200000000000003,0,1,313.44299999999976,470164499.9999997,646787122.9559995
391,7208,Parigi Moutong,72,Sulawesi Tengah,24.25,72.2,23.9,1.133,1404160,77.88,0.062,9.31,71468,22,52.6,1.4644351464435208,-0.3500000000000014,0,2,0.0,0.0,0.0
392,7209,Tojo Una Una,72,Sulawesi Tengah,22.47,79.7,23.9,1.656,976853,78.25,0.165,16.58,39204,21,58.3,5.983263598326359,1.4299999999999995,0,2,560.6172000000006,840925800.0000008,1156829107.262401
393,7210,Sigi,72,Sulawesi Tengah,21.79,70.6,23.9,1.274,792912,57.97,0.501,19.03,49326,16,73.0,8.828451882845187,2.1099999999999994,0,2,1040.7785999999996,1561167899.9999995,2147638314.871199
394,7211,Banggai Laut,72,Sulawesi Tengah,17.08,84.3,23.9,1.838,688637,50.12,0.017,8.65,39408,9,58.7,28.53556485355649,6.82,1,2,2687.6255999999994,4031438399.999999,5545893924.595199
395,7212,Morowali Utara,72,Sulawesi Tengah,24.84,76.7,23.9,1.584,442011,86.75,0.261,18.93,14932,5,56.3,3.933054393305445,-0.9400000000000012,0,2,0.0,0.0,0.0
396,7271,Kota Palu,72,Sulawesi Tengah,23.47,67.4,23.9,2.14,698577,66.96,0.281,1.5,32914,9,44.3,1.799163179916317,0.4299999999999997,0,2,141.53020000000015,212295300.00000024,292046435.4584003
397,7301,Kepulauan Selayar,73,Sulawesi Selatan,27.59,56.0,22.9,1.196,1553193,81.58,0.228,4.89,23063,20,34.7,20.480349344978173,-4.690000000000001,1,0,0.0,0.0,0.0
398,7302,Bulukumba,73,Sulawesi Selatan,22.15,74.8,22.9,1.572,679140,86.5,0.128,27.88,76967,2,70.8,3.2751091703056767,0.75,0,2,577.2525000000023,865878750.0000035,1191155915.7300048
399,7303,Bantaeng,73,Sulawesi Selatan,24.23,87.3,22.9,0.858,427674,76.43,0.53,22.56,7706,22,78.4,5.807860262008742,-1.3300000000000018,0,2,0.0,0.0,0.0
400,7304,Jeneponto,73,Sulawesi Selatan,17.34,73.2,22.9,0.74,542884,99.0,0.236,18.77,45604,15,53.2,24.279475982532748,5.559999999999999,1,2,2535.5824,3803373599.999999,5232153997.740799
401,7305,Takalar,73,Sulawesi Selatan,20.96,55.5,22.9,2.348,822834,54.94,0.183,9.05,43733,8,37.5,8.471615720524008,1.9399999999999975,0,2,848.4202000000005,1272630300.0000007,1750708295.338401
402,7306,Gowa,73,Sulawesi Selatan,23.59,69.5,22.9,1.114,582970,64.32,0.109,14.75,39738,18,46.4,3.0131004366812286,-0.6900000000000013,0,2,0.0,0.0,0.0
403,7307,Sinjai,73,Sulawesi Selatan,18.39,66.2,22.9,1.495,975965,63.1,0.467,18.87,16036,16,83.4,19.6943231441048,4.509999999999998,1,2,723.2235999999994,1084835399.999999,1492366112.8111987
404,7308,Bone,73,Sulawesi Selatan,15.08,77.9,22.9,1.064,998197,84.16,0.349,5.57,51967,17,93.3,34.148471615720524,7.8199999999999985,2,2,4063.8194,6095729099.999999,8385658821.344799
405,7309,Maros,73,Sulawesi Selatan,15.41,88.6,22.9,0.746,1243437,63.58,0.055,8.36,53481,4,95.0,32.70742358078602,7.489999999999998,2,2,4005.726899999998,6008590349.999997,8265785412.334796
406,7310,Pangkajene Dan Kepulauan,73,Sulawesi Selatan,27.86,91.3,22.9,1.006,1713649,86.59,0.345,14.27,21400,22,54.2,21.65938864628821,-4.960000000000001,1,0,0.0,0.0,0.0
407,7311,Barru,73,Sulawesi Selatan,18.05,70.4,22.9,2.05,1325785,83.13,0.352,14.07,38092,5,41.2,21.179039301310038,4.849999999999998,1,2,1847.4619999999995,2771192999.9999995,3812223057.303999
408,7312,Soppeng,73,Sulawesi Selatan,24.7,75.9,22.9,1.32,416423,85.61,0.196,1.5,77645,4,68.4,7.860262008733628,-1.8000000000000007,0,2,0.0,0.0,0.0
409,7313,Wajo,73,Sulawesi Selatan,18.9,53.7,22.9,0.425,424166,81.03,0.677,12.46,56467,18,37.6,17.467248908296945,4.0,1,1,2258.6800000000003,3388020000.0000005,4660768110.56
410,7314,Sidenreng Rappang,73,Sulawesi Selatan,17.32,75.6,22.9,0.898,696998,69.26,0.205,1.5,4027,13,69.3,24.36681222707423,5.579999999999998,1,2,224.70659999999987,337059899.9999998,463680271.4471997
411,7315,Pinrang,73,Sulawesi Selatan,23.0,88.6,22.9,2.438,556429,99.0,0.162,17.74,54275,17,68.5,0.4366812227074298,-0.1000000000000014,0,2,0.0,0.0,0.0
412,7316,Enrekang,73,Sulawesi Selatan,21.79,87.9,22.9,0.899,368429,56.18,0.259,15.54,55575,24,78.1,4.8471615720524,1.1099999999999994,0,2,616.8824999999997,925323749.9999996,1272932103.689999
413,7317,Luwu,73,Sulawesi Selatan,25.02,74.8,22.9,0.406,559604,95.99,0.224,20.21,77180,24,40.6,9.257641921397385,-2.120000000000001,0,2,0.0,0.0,0.0
414,7318,Tana Toraja,73,Sulawesi Selatan,16.55,86.7,22.9,2.577,548692,73.69,0.394,1.5,78610,23,50.5,27.72925764192139,6.349999999999998,1,2,4991.734999999999,7487602499.999998,10300405238.619995
415,7326,Toraja Utara,73,Sulawesi Selatan,20.2,81.0,22.9,1.407,487425,78.34,0.316,12.24,68769,18,58.0,11.790393013100434,2.6999999999999997,0,2,1856.762999999999,2785144499.9999986,3831415596.395998
416,7371,Kota Makassar,73,Sulawesi Selatan,18.78,75.6,22.9,0.966,603515,95.37,0.12,19.97,38724,18,62.0,17.99126637554584,4.119999999999997,1,2,1595.428799999998,2393143199.9999967,3292154565.3695955
417,7372,Kota Parepare,73,Sulawesi Selatan,20.74,66.7,22.9,0.831,1479287,83.52,0.215,21.87,78381,11,93.5,9.432314410480352,2.16,0,0,1693.0296000000017,2539544400.0000024,3493553035.3632035
418,7322,Luwu Utara,73,Sulawesi Selatan,19.9,70.4,22.9,1.718,822039,99.0,0.579,22.94,73458,11,45.6,13.100436681222709,3.0,0,1,2203.74,3305609999.9999995,4547399860.08
419,7373,Kota Palopo,73,Sulawesi Selatan,32.32,53.9,22.9,0.763,3214188,84.82,0.22,14.04,79544,4,39.2,41.13537117903931,-9.420000000000002,2,0,0.0,0.0,0.0
420,7324,Luwu Timur,73,Sulawesi Selatan,20.8,61.8,22.9,1.776,807990,74.4,0.286,23.03,36496,7,61.5,9.170305676855886,2.099999999999998,0,2,766.4159999999983,1149623999.9999976,1581493284.6719966
421,7401,Kolaka,74,Sulawesi Tenggara,29.88,66.6,24.5,1.311,612902,86.62,0.086,12.42,41664,18,82.6,21.959183673469383,-5.379999999999999,1,2,0.0,0.0,0.0
422,7402,Konawe,74,Sulawesi Tenggara,28.89,66.6,24.5,1.13,731227,84.78,0.215,11.96,24686,20,51.6,17.918367346938776,-4.390000000000001,1,2,0.0,0.0,0.0
423,7403,Muna,74,Sulawesi Tenggara,22.13,80.4,24.5,1.075,850768,63.64,0.093,2.18,14897,18,68.4,9.673469387755103,2.370000000000001,0,2,353.0589,529588350.0,728534215.6788
424,7404,Buton,74,Sulawesi Tenggara,19.62,79.4,24.5,0.916,947093,67.62,0.202,14.7,12448,3,49.2,19.91836734693877,4.879999999999999,1,2,607.4623999999994,911193599.9999992,1253493802.7007987
425,7405,Konawe Selatan,74,Sulawesi Tenggara,20.45,62.7,24.5,1.687,2535818,81.68,0.389,16.35,43306,10,47.9,16.530612244897963,4.050000000000001,1,0,1753.893,2630839500.0,3619144174.356
426,7406,Bombana,74,Sulawesi Tenggara,21.2,82.7,24.5,0.649,439243,96.37,0.547,1.5,68494,10,72.3,13.469387755102044,3.3000000000000007,0,2,2260.302,3390452999.9999995,4664115094.584
427,7407,Wakatobi,74,Sulawesi Tenggara,21.17,85.5,24.5,0.444,1221301,88.43,0.291,1.5,29844,14,69.4,13.59183673469387,3.3299999999999983,0,2,993.8051999999988,1490707799.9999983,2050709079.7583976
428,7408,Kolaka Utara,74,Sulawesi Tenggara,22.01,58.4,24.5,1.36,826248,89.71,0.056,4.62,45147,7,71.3,10.163265306122444,2.4899999999999984,0,2,1124.1602999999975,1686240449.999997,2319695785.767596
429,7409,Konawe Utara,74,Sulawesi Tenggara,14.58,69.4,24.5,1.371,284174,99.0,0.631,10.53,68044,4,30.8,40.48979591836734,9.92,2,1,6749.964799999998,10124947199.999996,13928498365.081596
430,7410,Buton Utara,74,Sulawesi Tenggara,17.81,61.5,24.5,1.271,1158248,84.56,0.458,21.68,8683,15,69.2,27.3061224489796,6.690000000000001,1,2,580.8927000000001,871339050.0000001,1198667439.3084002
431,7411,Kolaka Timur,74,Sulawesi Tenggara,15.82,77.8,24.5,1.226,1560589,69.53,0.149,8.24,61725,13,48.2,35.42857142857142,8.68,2,0,5357.73,8036594999.999999,11055632993.16
432,7412,Konawe Kepulauan,74,Sulawesi Tenggara,25.09,87.3,24.5,0.852,436129,88.57,0.245,9.55,5947,18,95.0,2.408163265306122,-0.5899999999999999,0,2,0.0,0.0,0.0
433,7413,Muna Barat,74,Sulawesi Tenggara,28.82,82.7,24.5,1.483,725517,46.14,0.404,7.53,11981,10,45.2,17.63265306122449,-4.32,1,2,0.0,0.0,0.0
434,7414,Buton Tengah,74,Sulawesi Tenggara,19.38,68.0,24.5,0.977,259053,81.36,0.44,1.5,63195,17,83.1,20.89795918367347,5.120000000000001,1,2,3235.583999999999,4853375999.999998,6676601699.327998
435,7415,Buton Selatan,74,Sulawesi Tenggara,26.4,87.6,24.5,0.784,342736,87.1,0.273,17.05,10382,19,51.1,7.755102040816321,-1.8999999999999984,0,2,0.0,0.0,0.0
436,7471,Kota Kendari,74,Sulawesi Tenggara,28.36,88.5,24.5,0.856,1367942,88.57,0.137,1.5,42373,2,85.0,15.755102040816324,-3.86,1,2,0.0,0.0,0.0
437,7472,Kota Bau Bau,74,Sulawesi Tenggara,28.96,75.9,24.5,2.746,551364,93.97,0.377,1.5,6321,10,28.8,18.204081632653065,-4.460000000000001,1,1,0.0,0.0,0.0
438,7501,Gorontalo,75,Gorontalo,26.44,52.4,29.7,0.311,277817,64.2,0.937,20.88,53991,2,45.9,10.97643097643097,3.259999999999998,0,1,1760.1065999999971,2640159899.999996,3631965888.247194
439,7502,Boalemo,75,Gorontalo,38.21,38.6,29.7,0.951,620125,60.2,0.858,14.58,78535,11,65.8,28.653198653198658,-8.510000000000002,1,1,0.0,0.0,0.0
440,7503,Bone Bolango,75,Gorontalo,41.03,50.3,29.7,0.32,394965,50.46,0.804,25.55,50520,9,22.9,38.14814814814815,-11.330000000000002,2,1,0.0,0.0,0.0
441,7504,Pohuwato,75,Gorontalo,23.56,63.1,29.7,0.702,407382,34.83,0.335,20.59,53863,11,70.5,20.67340067340068,6.140000000000001,1,2,3307.1882000000005,4960782300.000001,6824356393.194401
442,7505,Gorontalo Utara,75,Gorontalo,17.21,49.1,29.7,0.596,842051,52.63,0.681,35.81,39441,10,18.0,42.05387205387205,12.489999999999998,2,1,4926.180899999999,7389271349.999998,10165134877.702797
443,7571,Kota Gorontalo,75,Gorontalo,23.41,47.1,29.7,0.261,269133,46.95,0.4,34.51,63692,5,42.8,21.178451178451176,6.289999999999999,1,1,4006.2267999999967,6009340199.999995,8266816951.985593
444,7601,Pasangkayu,76,Sulawesi Barat,14.21,75.5,29.8,0.9,313885,57.33,0.437,23.91,40712,5,17.9,52.31543624161073,15.59,2,1,6347.000799999999,9520501199.999998,13096985374.793598
445,7602,Mamuju,76,Sulawesi Barat,21.59,40.9,29.8,0.613,592703,65.79,0.503,34.51,60748,6,30.5,27.5503355704698,8.21,1,1,4987.410799999998,7481116199.999997,10291482286.513596
446,7603,Mamasa,76,Sulawesi Barat,22.55,42.4,29.8,0.259,966702,59.35,0.806,35.57,46607,4,30.1,24.32885906040268,7.25,1,1,3379.007499999998,5068511249.999997,6972554944.189996
447,7604,Polewali Mandar,76,Sulawesi Barat,12.02,44.0,29.8,1.127,1135855,42.81,0.571,19.86,42250,7,36.4,59.66442953020135,17.78,2,1,7512.05,11268075000.0,15501055078.6
448,7605,Majene,76,Sulawesi Barat,23.2,49.6,29.8,1.518,362566,66.66,0.687,20.39,66580,7,38.3,22.147651006711413,6.600000000000001,1,1,4394.280000000001,6591420000.000001,9067561625.760002
449,7606,Mamuju Tengah,76,Sulawesi Barat,20.29,68.4,29.8,1.561,948300,47.22,0.833,27.65,54489,5,23.9,31.912751677852352,9.510000000000002,2,1,5181.903899999999,7772855849.999999,10692817242.418798
450,8101,Maluku Tengah,81,Maluku,12.27,41.5,21.9,0.886,337565,54.34,0.635,36.99,16448,4,32.6,43.97260273972602,9.63,2,1,1583.9424,2375913600.0,3268452470.8608
451,8102,Maluku Tenggara,81,Maluku,19.3,30.0,21.9,0.758,1616422,51.07,0.394,31.22,67159,10,26.2,11.872146118721451,2.599999999999998,0,0,1746.1339999999982,2619200999.999997,3603133539.927996
452,8103,Kepulauan Tanimbar,81,Maluku,20.34,68.3,21.9,1.439,273686,57.19,0.931,28.5,37686,2,41.5,7.123287671232871,1.5599999999999987,0,1,587.9015999999983,881852399.9999975,1213130248.3871963
453,8104,Buru,81,Maluku,14.9,35.1,21.9,1.718,1199107,48.45,0.922,26.62,57241,3,20.4,31.96347031963469,6.999999999999998,2,1,4006.869999999999,6010304999.999998,8268144190.039998
454,8105,Seram Bagian Timur,81,Maluku,15.82,32.8,21.9,1.306,364437,33.22,0.765,28.0,54051,11,29.4,27.76255707762557,6.079999999999998,1,1,3286.3007999999973,4929451199.999996,6781255410.393595
455,8106,Seram Bagian Barat,81,Maluku,16.96,48.2,21.9,0.463,1808391,57.55,0.72,29.01,19182,8,67.6,22.557077625570766,4.939999999999998,1,0,947.590799999999,1421386199.9999986,1955346035.073598
456,8107,Kepulauan Aru,81,Maluku,24.69,51.3,21.9,0.819,770498,23.73,0.71,22.59,31615,9,35.4,12.739726027397277,-2.7900000000000027,0,1,0.0,0.0,0.0
457,8108,Maluku Barat Daya,81,Maluku,29.91,60.7,21.9,0.923,293722,69.3,0.798,29.7,71590,7,25.3,36.57534246575344,-8.010000000000002,2,1,0.0,0.0,0.0
458,8109,Buru Selatan,81,Maluku,19.64,31.6,21.9,0.3,395006,45.38,0.801,39.01,29077,8,34.7,10.31963470319634,2.259999999999998,0,1,657.1401999999989,985710299.9999985,1356003545.5783978
459,8171,Kota Ambon,81,Maluku,28.86,57.0,21.9,0.937,863465,49.68,0.332,18.37,58634,7,31.6,31.78082191780823,-6.960000000000001,2,1,0.0,0.0,0.0
460,8172,Kota Tual,81,Maluku,29.05,60.8,21.9,2.308,1016206,47.84,0.573,30.51,29965,9,16.3,32.64840182648403,-7.150000000000002,2,1,0.0,0.0,0.0
461,8201,Halmahera Barat,82,Maluku Utara,31.03,69.7,22.0,1.02,517917,74.89,0.992,44.58,57399,11,5.0,41.04545454545456,-9.03,2,1,0.0,0.0,0.0
462,8202,Halmahera Tengah,82,Maluku Utara,31.69,65.3,22.0,1.548,555040,43.48,0.757,31.71,23654,7,12.4,44.04545454545455,-9.69,2,1,0.0,0.0,0.0
463,8203,Halmahera Utara,82,Maluku Utara,15.9,64.0,22.0,0.812,851719,49.28,0.368,16.41,42209,8,51.6,27.727272727272727,6.1,1,2,2574.749,3862123500.0,5312973963.507999
464,8204,Halmahera Selatan,82,Maluku Utara,14.82,61.9,22.0,0.714,584832,51.55,0.784,42.0,70546,10,61.4,32.63636363636363,7.18,2,1,5065.202800000001,7597804200.000001,10452005456.177605
465,8205,Kepulauan Sula,82,Maluku Utara,17.4,72.7,22.0,0.896,248674,67.73,0.829,29.03,52120,3,48.5,20.90909090909092,4.600000000000001,1,1,2397.5200000000004,3596280000.0000005,4947263339.840001
466,8206,Halmahera Timur,82,Maluku Utara,15.64,65.5,22.0,0.493,331776,77.36,0.896,30.96,46583,8,25.9,28.909090909090907,6.359999999999999,1,1,2962.6788,4444018200.0,6113464002.369599
467,8207,Pulau Morotai,82,Maluku Utara,18.85,55.4,22.0,0.458,622234,43.38,0.759,39.88,29811,8,57.9,14.318181818181811,3.1499999999999986,0,1,939.0465000000004,1408569750.0000005,1937714940.3780007
468,8208,Pulau Taliabu,82,Maluku Utara,15.9,47.3,22.0,1.395,1120504,58.13,0.881,36.96,52479,8,36.3,27.727272727272727,6.1,1,1,3201.218999999999,4801828499.999999,6605689796.747998
469,8271,Kota Ternate,82,Maluku Utara,18.49,60.7,22.0,1.471,1424868,77.28,0.811,25.15,18744,2,27.7,15.954545454545462,3.5100000000000016,1,1,657.9144000000006,986871600.0000008,1357601101.0848012
470,8272,Kota Tidore Kepulauan,82,Maluku Utara,16.85,59.7,22.0,0.451,862610,54.55,0.585,27.91,73832,10,74.5,23.409090909090903,5.149999999999999,1,2,3802.348,5703522000.0,7846114679.216
471,9103,Jayapura,91,Papua Barat,31.65,72.0,22.4,1.202,642020,82.12,0.668,29.3,78170,8,61.7,41.29464285714286,-9.25,2,1,0.0,0.0,0.0
472,9106,Biak Numfor,91,Papua Barat,14.51,52.5,22.4,0.709,846858,47.04,0.749,22.74,27230,2,68.9,35.223214285714285,7.889999999999999,2,1,2148.446999999999,3222670499.999999,4433303196.923999
473,9110,Sarmi,91,Papua Barat,15.15,65.5,22.4,0.878,362199,42.2,0.547,38.79,18991,2,25.3,32.36607142857142,7.249999999999998,2,1,1376.8474999999994,2065271249.999999,2841113801.469999
474,9111,Keerom,91,Papua Barat,22.49,42.2,22.4,0.932,492900,70.11,0.648,35.03,43073,6,14.3,0.4017857142857136,-0.0899999999999998,0,1,0.0,0.0,0.0
475,9115,Waropen,91,Papua Barat,21.46,72.1,22.4,1.218,329563,40.25,0.9,22.2,44140,3,48.3,4.196428571428561,0.9399999999999976,0,1,414.91599999999744,622373999.9999962,856175846.6719947
476,9119,Supiori,91,Papua Barat,15.85,49.5,22.4,0.772,255443,37.8,0.734,30.36,20850,4,31.1,29.241071428571423,6.549999999999999,1,1,1365.6749999999995,2048512499.9999995,2818059437.0999994
477,9120,Mamberamo Raya,92,Papua,39.23,42.2,29.1,1.499,660089,63.05,0.842,15.8,33414,9,46.1,34.810996563573866,-10.129999999999995,2,1,0.0,0.0,0.0
478,9202,Manokwari,92,Papua,19.42,67.3,29.1,0.865,603987,69.62,0.909,41.52,60561,5,5.0,33.26460481099656,9.68,2,1,5862.304800000004,8793457200.000006,12096819056.361609
479,9203,Fak Fak,92,Papua,22.74,51.8,29.1,1.012,816344,35.79,0.697,31.97,41106,9,28.0,21.85567010309279,6.360000000000003,1,1,2614.3416000000016,3921512400.0000014,5394672976.867203
480,9171,Kota Jayapura,92,Papua,36.31,49.6,29.1,0.488,749879,77.29,0.817,26.17,36845,2,45.6,24.7766323024055,-7.210000000000001,1,1,0.0,0.0,0.0
481,9671,Kota Sorong,92,Papua,35.71,62.2,29.1,2.18,625050,69.7,0.939,30.78,24063,4,62.4,22.714776632302403,-6.609999999999999,1,1,0.0,0.0,0.0
482,9206,Teluk Bintuni,92,Papua,38.91,55.4,29.1,0.937,754620,69.86,0.798,22.44,30564,5,32.9,33.71134020618555,-9.809999999999995,2,1,0.0,0.0,0.0
483,9207,Teluk Wondama,92,Papua,14.51,45.6,29.1,1.058,526702,33.3,0.88,38.85,22213,5,36.1,50.13745704467354,14.590000000000002,2,1,3240.8767000000007,4861315050.000001,6687523143.436401
484,9208,Kaimana,92,Papua,30.06,69.3,29.1,0.332,692272,84.23,0.772,42.33,56498,10,39.0,3.298969072164939,-0.9599999999999972,0,1,0.0,0.0,0.0
485,9211,Manokwari Selatan,92,Papua,24.43,48.0,29.1,0.855,806977,27.46,0.862,18.66,15355,4,48.4,16.048109965635742,4.670000000000002,1,1,717.0785000000005,1075617750.0000007,1479685748.1220012
486,9212,Pegunungan Arfak,92,Papua,38.6,34.4,29.1,0.285,361563,42.34,0.589,28.29,72235,11,23.7,32.64604810996563,-9.5,2,1,0.0,0.0,0.0
487,9301,Merauke,93,Papua Selatan,20.44,60.2,27.8,0.738,623740,49.37,0.851,31.86,43168,8,39.1,26.47482014388489,7.359999999999999,1,1,3177.1648000000005,4765747200.000001,6556054147.481601
488,9302,Boven Digoel,93,Papua Selatan,33.99,53.9,27.8,1.18,635579,36.46,0.858,30.55,47892,4,33.2,22.26618705035972,-6.190000000000001,1,1,0.0,0.0,0.0
489,9303,Mappi,93,Papua Selatan,14.5,39.8,27.8,0.504,313201,58.74,0.447,34.98,53156,5,10.3,47.84172661870504,13.3,2,1,7069.748000000002,10604622000.000004,14588368440.016005
490,9304,Asmat,93,Papua Selatan,18.03,74.1,27.8,1.697,694606,46.84,0.784,15.26,4824,7,20.1,35.143884892086334,9.77,2,1,471.3048,706957200.0,972533684.3616
491,9401,Nabire,94,Papua Tengah,38.39,56.6,31.4,0.526,375141,48.7,0.84,37.07,43432,10,35.3,22.261146496815293,-6.990000000000002,1,1,0.0,0.0,0.0
492,9402,Puncak Jaya,94,Papua Tengah,29.43,61.8,31.4,1.598,339122,68.02,0.595,29.71,63831,5,46.4,6.273885350318468,1.9699999999999989,0,1,1257.4707000000017,1886206050.0000024,2594780729.6844034
493,9403,Paniai,94,Papua Tengah,22.93,70.7,31.4,0.823,2684642,57.45,0.724,35.31,65078,11,19.7,26.97452229299363,8.469999999999999,1,0,5512.106599999997,8268159899.999996,11374187872.247194
494,9404,Mimika,94,Papua Tengah,21.16,56.4,31.4,0.562,461351,45.22,0.797,32.79,10753,9,35.4,32.611464968152866,10.239999999999998,2,1,1101.1072,1651660800.0,2272125898.3424
495,9405,Puncak,94,Papua Tengah,22.05,43.1,31.4,0.686,225440,41.76,0.964,21.97,38215,2,65.9,29.77707006369426,9.349999999999998,1,1,3573.102500000001,5359653750.000001,7373068423.930002
496,9406,Dogiyai,94,Papua Tengah,22.89,78.0,31.4,1.457,355424,64.13,0.619,37.5,17833,3,5.4,27.10191082802547,8.509999999999998,1,1,1517.5883,2276382450.0,3131531316.3436
497,9407,Intan Jaya,94,Papua Tengah,40.7,62.9,31.4,1.542,523902,50.64,0.772,13.58,71713,5,91.1,29.617834394904477,-9.300000000000004,1,1,0.0,0.0,0.0
498,9408,Deiyai,94,Papua Tengah,30.11,64.2,31.4,0.492,750129,51.49,0.488,22.01,36437,6,29.5,4.108280254777068,1.2899999999999991,0,1,470.0373000000018,705055950.0000026,969918208.2516036
499,9501,Jayawijaya,95,Papua Pegunungan,42.11,59.4,33.0,0.725,753797,54.41,0.43,26.97,43931,11,23.3,27.60606060606061,-9.11,1,1,0.0,0.0,0.0
500,9502,Pegunungan Bintang,95,Papua Pegunungan,41.88,47.8,33.0,0.775,810956,53.11,0.733,28.19,33180,10,5.0,26.90909090909092,-8.880000000000003,1,1,0.0,0.0,0.0
501,9503,Yahukimo,95,Papua Pegunungan,21.59,58.3,33.0,0.452,366988,54.89,0.777,28.84,35216,11,51.2,34.57575757575758,11.41,2,1,4018.1456000000007,6027218400.000001,8291411300.435202
502,9504,Tolikara,95,Papua Pegunungan,42.5,66.6,33.0,0.72,662824,72.55,0.614,34.14,50156,10,16.8,28.78787878787879,-9.5,1,1,0.0,0.0,0.0
503,9505,Mamberamo Tengah,95,Papua Pegunungan,27.35,50.9,33.0,0.743,319453,37.78,0.811,40.41,78229,7,53.5,17.121212121212118,5.649999999999999,1,1,4419.938499999997,6629907749.999995,9120507735.241993
504,9506,Yalimo,95,Papua Pegunungan,27.42,55.7,33.0,1.31,372583,62.34,0.596,18.78,62434,6,5.0,16.909090909090903,5.579999999999998,1,1,3483.8172000000013,5225725800.000002,7188828921.662403
505,9507,Lanny Jaya,95,Papua Pegunungan,26.7,30.0,33.0,1.355,311569,67.67,0.625,27.44,38070,3,30.4,19.090909090909093,6.300000000000001,1,1,2398.41,3597615000.0,4949099847.719999
506,9508,Nduga,95,Papua Pegunungan,44.59,41.2,33.0,0.628,264863,66.79,0.756,42.03,23466,11,20.0,35.12121212121213,-11.590000000000003,2,1,0.0,0.0,0.0
507,9601,Sorong,96,Papua Barat Daya,19.45,53.9,25.1,0.666,1023282,73.99,0.715,22.94,48513,6,9.7,22.50996015936256,5.650000000000002,1,1,2740.9845000000005,4111476750.000001,5655999587.874001
508,9602,Sorong Selatan,96,Papua Barat Daya,35.44,57.3,25.1,1.033,816814,34.84,0.722,35.04,7142,10,39.3,41.19521912350596,-10.339999999999996,2,1,0.0,0.0,0.0
509,9603,Raja Ampat,96,Papua Barat Daya,14.39,56.1,25.1,0.553,970920,54.08,0.823,22.43,42761,3,46.0,42.66932270916335,10.71,2,1,4579.703100000001,6869554650.000001,9450180709.2252
510,9604,Tambrauw,96,Papua Barat Daya,33.93,33.3,25.1,0.994,553262,71.56,0.654,29.77,52344,2,39.0,35.17928286852589,-8.829999999999998,2,1,0.0,0.0,0.0
511,9605,Maybrat,96,Papua Barat Daya,33.8,46.4,25.1,0.709,861202,53.28,0.507,25.05,58382,6,6.1,34.66135458167329,-8.699999999999996,2,1,0.0,0.0,0.0
512,6271,Kota Palangkaraya,62,Kalimantan Tengah,16.3,80.1,23.0,0.765,852197,64.04,0.225,9.15,37091,21,32.4,29.130434782608692,6.699999999999999,1,2,2485.097,3727645500.0,5127977778.723999
513,9105,Kepulauan Yapen,91,Papua Barat,21.46,72.1,22.4,1.218,329563,40.25,0.9,22.2,44140,3,48.3,4.196428571428561,0.9399999999999976,0,1,414.91599999999744,622373999.9999962,856175846.6719947
